dataset,video,n_frames,event_id,onset,duration
CDnet2014,continuousPan,1100,0,600,9
CDnet2014,continuousPan,1100,1,625,1
CDnet2014,continuousPan,1100,2,647,1
CDnet2014,continuousPan,1100,3,649,1
CDnet2014,continuousPan,1100,4,652,2
CDnet2014,continuousPan,1100,5,658,2
CDnet2014,continuousPan,1100,6,662,1
CDnet2014,continuousPan,1100,7,664,3
CDnet2014,continuousPan,1100,8,672,1
CDnet2014,continuousPan,1100,9,675,2
CDnet2014,continuousPan,1100,10,678,6
CDnet2014,continuousPan,1100,11,685,7
CDnet2014,continuousPan,1100,12,693,1
CDnet2014,continuousPan,1100,13,695,14
CDnet2014,continuousPan,1100,14,711,2
CDnet2014,continuousPan,1100,15,716,1
CDnet2014,continuousPan,1100,16,722,878
CDnet2014,continuousPan,1100,17,1601,1
CDnet2014,continuousPan,1100,18,1603,2
CDnet2014,continuousPan,1100,19,1609,3
CDnet2014,continuousPan,1100,20,1613,5
CDnet2014,continuousPan,1100,21,1619,2
CDnet2014,continuousPan,1100,22,1622,1
CDnet2014,continuousPan,1100,23,1624,2
CDnet2014,continuousPan,1100,24,1629,1
CDnet2014,continuousPan,1100,25,1631,2
CDnet2014,continuousPan,1100,26,1634,9
CDnet2014,continuousPan,1100,27,1644,6
CDnet2014,continuousPan,1100,28,1652,1
CDnet2014,continuousPan,1100,29,1656,44
CDnet2014,intermittentPan,2300,0,1200,194
CDnet2014,intermittentPan,2300,1,1398,1
CDnet2014,intermittentPan,2300,2,1426,1
CDnet2014,intermittentPan,2300,3,1433,1
CDnet2014,intermittentPan,2300,4,1457,1
CDnet2014,intermittentPan,2300,5,1482,14
CDnet2014,intermittentPan,2300,6,1497,14
CDnet2014,intermittentPan,2300,7,1512,16
CDnet2014,intermittentPan,2300,8,1529,90
CDnet2014,intermittentPan,2300,9,1621,1
CDnet2014,intermittentPan,2300,10,1626,8
CDnet2014,intermittentPan,2300,11,1641,17
CDnet2014,intermittentPan,2300,12,1660,321
CDnet2014,intermittentPan,2300,13,1982,12
CDnet2014,intermittentPan,2300,14,1995,1
CDnet2014,intermittentPan,2300,15,2013,4
CDnet2014,intermittentPan,2300,16,2018,2
CDnet2014,intermittentPan,2300,17,2021,1
CDnet2014,intermittentPan,2300,18,2023,17
CDnet2014,intermittentPan,2300,19,2041,81
CDnet2014,intermittentPan,2300,20,2124,13
CDnet2014,intermittentPan,2300,21,2242,132
CDnet2014,intermittentPan,2300,22,2384,27
CDnet2014,intermittentPan,2300,23,2457,35
CDnet2014,intermittentPan,2300,24,2585,27
CDnet2014,intermittentPan,2300,25,2613,14
CDnet2014,intermittentPan,2300,26,2628,71
CDnet2014,intermittentPan,2300,27,2700,10
CDnet2014,intermittentPan,2300,28,2731,8
CDnet2014,intermittentPan,2300,29,2740,2
CDnet2014,intermittentPan,2300,30,2745,454
CDnet2014,intermittentPan,2300,31,3203,12
CDnet2014,intermittentPan,2300,32,3216,1
CDnet2014,intermittentPan,2300,33,3218,79
CDnet2014,intermittentPan,2300,34,3298,144
CDnet2014,intermittentPan,2300,35,3443,11
CDnet2014,intermittentPan,2300,36,3455,10
CDnet2014,intermittentPan,2300,37,3479,21
CDnet2014,twoPositionPTZCam,1500,0,800,253
CDnet2014,twoPositionPTZCam,1500,1,1059,27
CDnet2014,twoPositionPTZCam,1500,2,1088,3
CDnet2014,twoPositionPTZCam,1500,3,1092,3
CDnet2014,twoPositionPTZCam,1500,4,1107,5
CDnet2014,twoPositionPTZCam,1500,5,1115,4
CDnet2014,twoPositionPTZCam,1500,6,1120,89
CDnet2014,twoPositionPTZCam,1500,7,1212,11
CDnet2014,twoPositionPTZCam,1500,8,1224,1
CDnet2014,twoPositionPTZCam,1500,9,1226,3
CDnet2014,twoPositionPTZCam,1500,10,1230,5
CDnet2014,twoPositionPTZCam,1500,11,1236,3
CDnet2014,twoPositionPTZCam,1500,12,1249,18
CDnet2014,twoPositionPTZCam,1500,13,1268,1
CDnet2014,twoPositionPTZCam,1500,14,1277,34
CDnet2014,twoPositionPTZCam,1500,15,1340,10
CDnet2014,twoPositionPTZCam,1500,16,1351,6
CDnet2014,twoPositionPTZCam,1500,17,1359,26
CDnet2014,twoPositionPTZCam,1500,18,1400,209
CDnet2014,twoPositionPTZCam,1500,19,1612,1
CDnet2014,twoPositionPTZCam,1500,20,1615,1
CDnet2014,twoPositionPTZCam,1500,21,1617,5
CDnet2014,twoPositionPTZCam,1500,22,1624,8
CDnet2014,twoPositionPTZCam,1500,23,1644,1
CDnet2014,twoPositionPTZCam,1500,24,1647,1
CDnet2014,twoPositionPTZCam,1500,25,1650,1
CDnet2014,twoPositionPTZCam,1500,26,1652,9
CDnet2014,twoPositionPTZCam,1500,27,1666,1
CDnet2014,twoPositionPTZCam,1500,28,1670,4
CDnet2014,twoPositionPTZCam,1500,29,1706,32
CDnet2014,twoPositionPTZCam,1500,30,1787,1
CDnet2014,twoPositionPTZCam,1500,31,1808,5
CDnet2014,twoPositionPTZCam,1500,32,1815,4
CDnet2014,twoPositionPTZCam,1500,33,1820,1
CDnet2014,twoPositionPTZCam,1500,34,1822,2
CDnet2014,twoPositionPTZCam,1500,35,1831,5
CDnet2014,twoPositionPTZCam,1500,36,1837,81
CDnet2014,twoPositionPTZCam,1500,37,1949,241
CDnet2014,twoPositionPTZCam,1500,38,2202,1
CDnet2014,twoPositionPTZCam,1500,39,2204,57
CDnet2014,twoPositionPTZCam,1500,40,2262,30
CDnet2014,twoPositionPTZCam,1500,41,2294,6
CDnet2014,zoomInZoomOut,630,0,500,127
CDnet2014,zoomInZoomOut,630,1,628,2
CDnet2014,zoomInZoomOut,630,2,631,2
CDnet2014,zoomInZoomOut,630,3,634,18
CDnet2014,zoomInZoomOut,630,4,659,11
CDnet2014,zoomInZoomOut,630,5,671,1
CDnet2014,zoomInZoomOut,630,6,673,1
CDnet2014,zoomInZoomOut,630,7,675,331
CDnet2014,zoomInZoomOut,630,8,1012,2
CDnet2014,zoomInZoomOut,630,9,1015,5
CDnet2014,zoomInZoomOut,630,10,1022,15
CDnet2014,zoomInZoomOut,630,11,1038,2
CDnet2014,zoomInZoomOut,630,12,1041,2
CDnet2014,zoomInZoomOut,630,13,1045,6
CDnet2014,zoomInZoomOut,630,14,1052,1
CDnet2014,zoomInZoomOut,630,15,1054,4
CDnet2014,zoomInZoomOut,630,16,1060,1
CDnet2014,zoomInZoomOut,630,17,1062,2
CDnet2014,zoomInZoomOut,630,18,1066,1
CDnet2014,zoomInZoomOut,630,19,1068,1
CDnet2014,zoomInZoomOut,630,20,1074,1
CDnet2014,blizzard,6100,0,903,2
CDnet2014,blizzard,6100,1,907,5
CDnet2014,blizzard,6100,2,913,1
CDnet2014,blizzard,6100,3,915,2
CDnet2014,blizzard,6100,4,918,1
CDnet2014,blizzard,6100,5,920,57
CDnet2014,blizzard,6100,6,978,7
CDnet2014,blizzard,6100,7,986,588
CDnet2014,blizzard,6100,8,1576,5
CDnet2014,blizzard,6100,9,1584,2
CDnet2014,blizzard,6100,10,1592,1
CDnet2014,blizzard,6100,11,1596,1
CDnet2014,blizzard,6100,12,1598,2
CDnet2014,blizzard,6100,13,1603,2
CDnet2014,blizzard,6100,14,1608,3
CDnet2014,blizzard,6100,15,1615,1
CDnet2014,blizzard,6100,16,1620,7
CDnet2014,blizzard,6100,17,1630,1
CDnet2014,blizzard,6100,18,1634,5
CDnet2014,blizzard,6100,19,1640,1
CDnet2014,blizzard,6100,20,1642,3
CDnet2014,blizzard,6100,21,1646,1
CDnet2014,blizzard,6100,22,1675,1
CDnet2014,blizzard,6100,23,1692,1
CDnet2014,blizzard,6100,24,1699,1
CDnet2014,blizzard,6100,25,1712,2
CDnet2014,blizzard,6100,26,1717,1
CDnet2014,blizzard,6100,27,1720,4
CDnet2014,blizzard,6100,28,1725,6
CDnet2014,blizzard,6100,29,1734,2
CDnet2014,blizzard,6100,30,1737,103
CDnet2014,blizzard,6100,31,1848,149
CDnet2014,blizzard,6100,32,1998,4
CDnet2014,blizzard,6100,33,2007,118
CDnet2014,blizzard,6100,34,2128,1
CDnet2014,blizzard,6100,35,2141,1
CDnet2014,blizzard,6100,36,2143,1
CDnet2014,blizzard,6100,37,2145,1
CDnet2014,blizzard,6100,38,2147,1
CDnet2014,blizzard,6100,39,2150,2
CDnet2014,blizzard,6100,40,2153,1
CDnet2014,blizzard,6100,41,2155,1
CDnet2014,blizzard,6100,42,2157,3
CDnet2014,blizzard,6100,43,2164,1
CDnet2014,blizzard,6100,44,3050,174
CDnet2014,blizzard,6100,45,3225,1
CDnet2014,blizzard,6100,46,3227,1
CDnet2014,blizzard,6100,47,3229,2
CDnet2014,blizzard,6100,48,3234,2
CDnet2014,blizzard,6100,49,3237,238
CDnet2014,blizzard,6100,50,3478,2
CDnet2014,blizzard,6100,51,3481,15
CDnet2014,blizzard,6100,52,3523,1
CDnet2014,blizzard,6100,53,3525,2
CDnet2014,blizzard,6100,54,3528,15
CDnet2014,blizzard,6100,55,3544,9
CDnet2014,blizzard,6100,56,3554,7
CDnet2014,blizzard,6100,57,3570,1
CDnet2014,blizzard,6100,58,3572,1
CDnet2014,blizzard,6100,59,4271,1
CDnet2014,blizzard,6100,60,4273,17
CDnet2014,blizzard,6100,61,4291,34
CDnet2014,blizzard,6100,62,4328,1
CDnet2014,blizzard,6100,63,4330,1
CDnet2014,blizzard,6100,64,4579,2
CDnet2014,blizzard,6100,65,4582,70
CDnet2014,blizzard,6100,66,4796,1
CDnet2014,blizzard,6100,67,4799,146
CDnet2014,blizzard,6100,68,5160,109
CDnet2014,blizzard,6100,69,5270,57
CDnet2014,blizzard,6100,70,5452,19
CDnet2014,blizzard,6100,71,5472,23
CDnet2014,blizzard,6100,72,5496,1
CDnet2014,blizzard,6100,73,5498,24
CDnet2014,blizzard,6100,74,5523,4
CDnet2014,blizzard,6100,75,5528,2
CDnet2014,blizzard,6100,76,6121,1
CDnet2014,blizzard,6100,77,6123,3
CDnet2014,blizzard,6100,78,6127,66
CDnet2014,blizzard,6100,79,6194,3
CDnet2014,blizzard,6100,80,6268,53
CDnet2014,blizzard,6100,81,6322,1
CDnet2014,blizzard,6100,82,6380,72
CDnet2014,skating,3100,0,800,3100
CDnet2014,snowFall,5700,0,800,303
CDnet2014,snowFall,5700,1,1104,5
CDnet2014,snowFall,5700,2,1110,2
CDnet2014,snowFall,5700,3,1114,1
CDnet2014,snowFall,5700,4,1309,1
CDnet2014,snowFall,5700,5,1311,1
CDnet2014,snowFall,5700,6,1314,3
CDnet2014,snowFall,5700,7,1318,141
CDnet2014,snowFall,5700,8,2736,112
CDnet2014,snowFall,5700,9,2849,110
CDnet2014,snowFall,5700,10,2960,2
CDnet2014,snowFall,5700,11,3803,1
CDnet2014,snowFall,5700,12,3805,218
CDnet2014,snowFall,5700,13,4024,1
CDnet2014,snowFall,5700,14,4207,237
CDnet2014,snowFall,5700,15,4445,1
CDnet2014,snowFall,5700,16,4447,1
CDnet2014,snowFall,5700,17,4449,12
CDnet2014,snowFall,5700,18,4470,2
CDnet2014,snowFall,5700,19,4473,1
CDnet2014,snowFall,5700,20,4475,1
CDnet2014,snowFall,5700,21,5298,103
CDnet2014,snowFall,5700,22,5404,111
CDnet2014,snowFall,5700,23,5517,1
CDnet2014,snowFall,5700,24,5521,1
CDnet2014,snowFall,5700,25,5669,132
CDnet2014,snowFall,5700,26,5802,2
CDnet2014,snowFall,5700,27,5805,27
CDnet2014,snowFall,5700,28,5833,3
CDnet2014,snowFall,5700,29,5837,6
CDnet2014,snowFall,5700,30,5845,4
CDnet2014,snowFall,5700,31,6436,1
CDnet2014,snowFall,5700,32,6438,37
CDnet2014,snowFall,5700,33,6476,24
CDnet2014,wetSnow,3000,0,500,378
CDnet2014,wetSnow,3000,1,879,51
CDnet2014,wetSnow,3000,2,931,28
CDnet2014,wetSnow,3000,3,961,4
CDnet2014,wetSnow,3000,4,967,14
CDnet2014,wetSnow,3000,5,982,1
CDnet2014,wetSnow,3000,6,984,3
CDnet2014,wetSnow,3000,7,988,9
CDnet2014,wetSnow,3000,8,1000,11
CDnet2014,wetSnow,3000,9,1012,242
CDnet2014,wetSnow,3000,10,1255,3
CDnet2014,wetSnow,3000,11,1259,3
CDnet2014,wetSnow,3000,12,1264,4
CDnet2014,wetSnow,3000,13,1271,44
CDnet2014,wetSnow,3000,14,1316,23
CDnet2014,wetSnow,3000,15,1341,1
CDnet2014,wetSnow,3000,16,1344,7
CDnet2014,wetSnow,3000,17,1352,7
CDnet2014,wetSnow,3000,18,1360,21
CDnet2014,wetSnow,3000,19,1382,9
CDnet2014,wetSnow,3000,20,1397,1
CDnet2014,wetSnow,3000,21,1399,1
CDnet2014,wetSnow,3000,22,1404,1
CDnet2014,wetSnow,3000,23,1407,1
CDnet2014,wetSnow,3000,24,1412,1
CDnet2014,wetSnow,3000,25,1414,38
CDnet2014,wetSnow,3000,26,1454,2
CDnet2014,wetSnow,3000,27,1457,1
CDnet2014,wetSnow,3000,28,1459,54
CDnet2014,wetSnow,3000,29,1514,4
CDnet2014,wetSnow,3000,30,1520,44
CDnet2014,wetSnow,3000,31,1565,2
CDnet2014,wetSnow,3000,32,1568,1
CDnet2014,wetSnow,3000,33,1573,2
CDnet2014,wetSnow,3000,34,1576,1
CDnet2014,wetSnow,3000,35,1579,30
CDnet2014,wetSnow,3000,36,1610,2
CDnet2014,wetSnow,3000,37,1614,1
CDnet2014,wetSnow,3000,38,1616,11
CDnet2014,wetSnow,3000,39,1628,5
CDnet2014,wetSnow,3000,40,1635,127
CDnet2014,wetSnow,3000,41,1764,87
CDnet2014,wetSnow,3000,42,1852,158
CDnet2014,wetSnow,3000,43,2011,4
CDnet2014,wetSnow,3000,44,2017,12
CDnet2014,wetSnow,3000,45,2031,35
CDnet2014,wetSnow,3000,46,2069,1
CDnet2014,wetSnow,3000,47,2071,1
CDnet2014,wetSnow,3000,48,2074,1
CDnet2014,wetSnow,3000,49,2076,40
CDnet2014,wetSnow,3000,50,2117,632
CDnet2014,wetSnow,3000,51,2750,190
CDnet2014,wetSnow,3000,52,2941,143
CDnet2014,wetSnow,3000,53,3090,6
CDnet2014,wetSnow,3000,54,3097,4
CDnet2014,wetSnow,3000,55,3102,26
CDnet2014,wetSnow,3000,56,3129,274
CDnet2014,wetSnow,3000,57,3404,4
CDnet2014,wetSnow,3000,58,3409,91
CDnet2014,PETS2006,900,0,300,893
CDnet2014,PETS2006,900,1,1194,1
CDnet2014,PETS2006,900,2,1196,1
CDnet2014,highway,1230,0,474,5
CDnet2014,highway,1230,1,483,1
CDnet2014,highway,1230,2,485,3
CDnet2014,highway,1230,3,489,24
CDnet2014,highway,1230,4,514,1186
CDnet2014,office,1480,0,570,1480
CDnet2014,pedestrians,799,0,300,799
CDnet2014,badminton,350,0,800,18
CDnet2014,badminton,350,1,819,18
CDnet2014,badminton,350,2,838,312
CDnet2014,boulevard,1710,0,790,7
CDnet2014,boulevard,1710,1,798,5
CDnet2014,boulevard,1710,2,804,179
CDnet2014,boulevard,1710,3,984,1
CDnet2014,boulevard,1710,4,987,1
CDnet2014,boulevard,1710,5,990,2
CDnet2014,boulevard,1710,6,993,1
CDnet2014,boulevard,1710,7,995,1
CDnet2014,boulevard,1710,8,998,2
CDnet2014,boulevard,1710,9,1001,1
CDnet2014,boulevard,1710,10,1004,2
CDnet2014,boulevard,1710,11,1007,7
CDnet2014,boulevard,1710,12,1016,3
CDnet2014,boulevard,1710,13,1021,1
CDnet2014,boulevard,1710,14,1030,2
CDnet2014,boulevard,1710,15,1033,10
CDnet2014,boulevard,1710,16,1044,84
CDnet2014,boulevard,1710,17,1129,13
CDnet2014,boulevard,1710,18,1143,5
CDnet2014,boulevard,1710,19,1149,7
CDnet2014,boulevard,1710,20,1157,4
CDnet2014,boulevard,1710,21,1163,1
CDnet2014,boulevard,1710,22,1166,2
CDnet2014,boulevard,1710,23,1174,1
CDnet2014,boulevard,1710,24,1178,7
CDnet2014,boulevard,1710,25,1186,3
CDnet2014,boulevard,1710,26,1190,1
CDnet2014,boulevard,1710,27,1192,1
CDnet2014,boulevard,1710,28,1195,1
CDnet2014,boulevard,1710,29,1197,2
CDnet2014,boulevard,1710,30,1202,2
CDnet2014,boulevard,1710,31,1205,3
CDnet2014,boulevard,1710,32,1209,1
CDnet2014,boulevard,1710,33,1211,1
CDnet2014,boulevard,1710,34,1215,1
CDnet2014,boulevard,1710,35,1221,1
CDnet2014,boulevard,1710,36,1224,4
CDnet2014,boulevard,1710,37,1229,2
CDnet2014,boulevard,1710,38,1232,16
CDnet2014,boulevard,1710,39,1249,41
CDnet2014,boulevard,1710,40,1292,21
CDnet2014,boulevard,1710,41,1314,20
CDnet2014,boulevard,1710,42,1335,8
CDnet2014,boulevard,1710,43,1344,1
CDnet2014,boulevard,1710,44,1346,2
CDnet2014,boulevard,1710,45,1349,7
CDnet2014,boulevard,1710,46,1358,1
CDnet2014,boulevard,1710,47,1361,14
CDnet2014,boulevard,1710,48,1376,4
CDnet2014,boulevard,1710,49,1385,1
CDnet2014,boulevard,1710,50,1387,2
CDnet2014,boulevard,1710,51,1390,7
CDnet2014,boulevard,1710,52,1399,1
CDnet2014,boulevard,1710,53,1401,9
CDnet2014,boulevard,1710,54,1411,1
CDnet2014,boulevard,1710,55,1416,1
CDnet2014,boulevard,1710,56,1429,4
CDnet2014,boulevard,1710,57,1434,2
CDnet2014,boulevard,1710,58,1437,1
CDnet2014,boulevard,1710,59,1439,2
CDnet2014,boulevard,1710,60,1442,16
CDnet2014,boulevard,1710,61,1459,2
CDnet2014,boulevard,1710,62,1462,2
CDnet2014,boulevard,1710,63,1467,62
CDnet2014,boulevard,1710,64,1530,1
CDnet2014,boulevard,1710,65,1532,2
CDnet2014,boulevard,1710,66,1535,11
CDnet2014,boulevard,1710,67,1547,1
CDnet2014,boulevard,1710,68,1550,1
CDnet2014,boulevard,1710,69,1553,1
CDnet2014,boulevard,1710,70,1555,2
CDnet2014,boulevard,1710,71,1558,2
CDnet2014,boulevard,1710,72,1561,1
CDnet2014,boulevard,1710,73,1564,1
CDnet2014,boulevard,1710,74,1566,2
CDnet2014,boulevard,1710,75,1569,1
CDnet2014,boulevard,1710,76,1571,1
CDnet2014,boulevard,1710,77,1578,3
CDnet2014,boulevard,1710,78,1582,1
CDnet2014,boulevard,1710,79,1585,1
CDnet2014,boulevard,1710,80,1588,7
CDnet2014,boulevard,1710,81,1596,1
CDnet2014,boulevard,1710,82,1598,2
CDnet2014,boulevard,1710,83,1601,5
CDnet2014,boulevard,1710,84,1607,2
CDnet2014,boulevard,1710,85,1610,8
CDnet2014,boulevard,1710,86,1619,3
CDnet2014,boulevard,1710,87,1629,1
CDnet2014,boulevard,1710,88,1631,1
CDnet2014,boulevard,1710,89,1634,1
CDnet2014,boulevard,1710,90,1637,1
CDnet2014,boulevard,1710,91,1639,3
CDnet2014,boulevard,1710,92,1643,1
CDnet2014,boulevard,1710,93,1645,8
CDnet2014,boulevard,1710,94,1654,9
CDnet2014,boulevard,1710,95,1665,7
CDnet2014,boulevard,1710,96,1673,1
CDnet2014,boulevard,1710,97,1675,1
CDnet2014,boulevard,1710,98,1677,3
CDnet2014,boulevard,1710,99,1681,2
CDnet2014,boulevard,1710,100,1684,1
CDnet2014,boulevard,1710,101,1686,5
CDnet2014,boulevard,1710,102,1692,1
CDnet2014,boulevard,1710,103,1694,1
CDnet2014,boulevard,1710,104,1696,1
CDnet2014,boulevard,1710,105,1698,9
CDnet2014,boulevard,1710,106,1708,2
CDnet2014,boulevard,1710,107,1711,2
CDnet2014,boulevard,1710,108,1714,2
CDnet2014,boulevard,1710,109,1717,10
CDnet2014,boulevard,1710,110,1728,2
CDnet2014,boulevard,1710,111,1731,4
CDnet2014,boulevard,1710,112,1736,10
CDnet2014,boulevard,1710,113,1747,1
CDnet2014,boulevard,1710,114,1750,10
CDnet2014,boulevard,1710,115,1761,2
CDnet2014,boulevard,1710,116,1764,1
CDnet2014,boulevard,1710,117,1767,1
CDnet2014,boulevard,1710,118,1769,2
CDnet2014,boulevard,1710,119,1772,1
CDnet2014,boulevard,1710,120,1774,2
CDnet2014,boulevard,1710,121,1778,1
CDnet2014,boulevard,1710,122,1781,1
CDnet2014,boulevard,1710,123,1783,1
CDnet2014,boulevard,1710,124,1785,1
CDnet2014,boulevard,1710,125,1788,23
CDnet2014,boulevard,1710,126,1813,1
CDnet2014,boulevard,1710,127,1818,2
CDnet2014,boulevard,1710,128,1822,1
CDnet2014,boulevard,1710,129,1824,2
CDnet2014,boulevard,1710,130,1827,1
CDnet2014,boulevard,1710,131,1835,1
CDnet2014,boulevard,1710,132,1837,2
CDnet2014,boulevard,1710,133,1840,1
CDnet2014,boulevard,1710,134,1843,21
CDnet2014,boulevard,1710,135,1865,1
CDnet2014,boulevard,1710,136,1871,1
CDnet2014,boulevard,1710,137,1877,1
CDnet2014,boulevard,1710,138,1879,1
CDnet2014,boulevard,1710,139,1884,1
CDnet2014,boulevard,1710,140,1886,2
CDnet2014,boulevard,1710,141,1889,2
CDnet2014,boulevard,1710,142,1892,1
CDnet2014,boulevard,1710,143,1895,1
CDnet2014,boulevard,1710,144,1898,1
CDnet2014,boulevard,1710,145,1900,2
CDnet2014,boulevard,1710,146,1903,2
CDnet2014,boulevard,1710,147,1906,4
CDnet2014,boulevard,1710,148,1911,2
CDnet2014,boulevard,1710,149,1914,4
CDnet2014,boulevard,1710,150,1920,1
CDnet2014,boulevard,1710,151,1923,1
CDnet2014,boulevard,1710,152,1925,2
CDnet2014,boulevard,1710,153,1930,1
CDnet2014,boulevard,1710,154,1933,1
CDnet2014,boulevard,1710,155,1936,1
CDnet2014,boulevard,1710,156,1939,47
CDnet2014,boulevard,1710,157,1988,1
CDnet2014,boulevard,1710,158,1990,8
CDnet2014,boulevard,1710,159,1999,9
CDnet2014,boulevard,1710,160,2009,2
CDnet2014,boulevard,1710,161,2013,1
CDnet2014,boulevard,1710,162,2015,2
CDnet2014,boulevard,1710,163,2018,2
CDnet2014,boulevard,1710,164,2027,2
CDnet2014,boulevard,1710,165,2030,1
CDnet2014,boulevard,1710,166,2032,6
CDnet2014,boulevard,1710,167,2039,5
CDnet2014,boulevard,1710,168,2045,7
CDnet2014,boulevard,1710,169,2053,1
CDnet2014,boulevard,1710,170,2055,3
CDnet2014,boulevard,1710,171,2059,4
CDnet2014,boulevard,1710,172,2064,4
CDnet2014,boulevard,1710,173,2070,1
CDnet2014,boulevard,1710,174,2072,5
CDnet2014,boulevard,1710,175,2080,1
CDnet2014,boulevard,1710,176,2082,2
CDnet2014,boulevard,1710,177,2085,4
CDnet2014,boulevard,1710,178,2090,90
CDnet2014,boulevard,1710,179,2181,4
CDnet2014,boulevard,1710,180,2186,1
CDnet2014,boulevard,1710,181,2188,2
CDnet2014,boulevard,1710,182,2191,2
CDnet2014,boulevard,1710,183,2194,2
CDnet2014,boulevard,1710,184,2197,1
CDnet2014,boulevard,1710,185,2200,2
CDnet2014,boulevard,1710,186,2203,1
CDnet2014,boulevard,1710,187,2206,54
CDnet2014,boulevard,1710,188,2261,4
CDnet2014,boulevard,1710,189,2266,76
CDnet2014,boulevard,1710,190,2345,1
CDnet2014,boulevard,1710,191,2348,1
CDnet2014,boulevard,1710,192,2354,6
CDnet2014,boulevard,1710,193,2362,1
CDnet2014,boulevard,1710,194,2364,2
CDnet2014,boulevard,1710,195,2368,1
CDnet2014,boulevard,1710,196,2371,2
CDnet2014,boulevard,1710,197,2374,1
CDnet2014,boulevard,1710,198,2377,1
CDnet2014,boulevard,1710,199,2380,1
CDnet2014,boulevard,1710,200,2382,2
CDnet2014,boulevard,1710,201,2385,78
CDnet2014,boulevard,1710,202,2466,34
CDnet2014,sidewalk,400,0,800,198
CDnet2014,sidewalk,400,1,999,3
CDnet2014,sidewalk,400,2,1003,197
CDnet2014,traffic,670,0,940,1
CDnet2014,traffic,670,1,944,1
CDnet2014,traffic,670,2,946,1
CDnet2014,traffic,670,3,954,1
CDnet2014,traffic,670,4,956,3
CDnet2014,traffic,670,5,961,16
CDnet2014,traffic,670,6,979,3
CDnet2014,traffic,670,7,989,10
CDnet2014,traffic,670,8,1000,5
CDnet2014,traffic,670,9,1006,4
CDnet2014,traffic,670,10,1024,1
CDnet2014,traffic,670,11,1026,1
CDnet2014,traffic,670,12,1028,3
CDnet2014,traffic,670,13,1034,3
CDnet2014,traffic,670,14,1038,2
CDnet2014,traffic,670,15,1042,2
CDnet2014,traffic,670,16,1045,1
CDnet2014,traffic,670,17,1056,2
CDnet2014,traffic,670,18,1061,18
CDnet2014,traffic,670,19,1080,1
CDnet2014,traffic,670,20,1082,1
CDnet2014,traffic,670,21,1089,3
CDnet2014,traffic,670,22,1097,1
CDnet2014,traffic,670,23,1099,1
CDnet2014,traffic,670,24,1101,1
CDnet2014,traffic,670,25,1104,18
CDnet2014,traffic,670,26,1128,1
CDnet2014,traffic,670,27,1137,2
CDnet2014,traffic,670,28,1141,1
CDnet2014,traffic,670,29,1143,1
CDnet2014,traffic,670,30,1146,4
CDnet2014,traffic,670,31,1152,4
CDnet2014,traffic,670,32,1157,3
CDnet2014,traffic,670,33,1164,1
CDnet2014,traffic,670,34,1170,4
CDnet2014,traffic,670,35,1175,3
CDnet2014,traffic,670,36,1179,3
CDnet2014,traffic,670,37,1184,1
CDnet2014,traffic,670,38,1186,1
CDnet2014,traffic,670,39,1188,1
CDnet2014,traffic,670,40,1192,1
CDnet2014,traffic,670,41,1198,7
CDnet2014,traffic,670,42,1206,5
CDnet2014,traffic,670,43,1212,3
CDnet2014,traffic,670,44,1216,3
CDnet2014,traffic,670,45,1221,3
CDnet2014,traffic,670,46,1235,30
CDnet2014,traffic,670,47,1267,1
CDnet2014,traffic,670,48,1278,1
CDnet2014,traffic,670,49,1282,1
CDnet2014,traffic,670,50,1284,2
CDnet2014,traffic,670,51,1287,7
CDnet2014,traffic,670,52,1295,10
CDnet2014,traffic,670,53,1306,4
CDnet2014,traffic,670,54,1322,1
CDnet2014,traffic,670,55,1324,1
CDnet2014,traffic,670,56,1326,2
CDnet2014,traffic,670,57,1330,1
CDnet2014,traffic,670,58,1334,3
CDnet2014,traffic,670,59,1338,16
CDnet2014,traffic,670,60,1357,1
CDnet2014,traffic,670,61,1359,1
CDnet2014,traffic,670,62,1365,1
CDnet2014,traffic,670,63,1369,2
CDnet2014,traffic,670,64,1372,2
CDnet2014,traffic,670,65,1375,2
CDnet2014,traffic,670,66,1379,7
CDnet2014,traffic,670,67,1387,5
CDnet2014,traffic,670,68,1394,1
CDnet2014,traffic,670,69,1402,1
CDnet2014,traffic,670,70,1410,4
CDnet2014,traffic,670,71,1415,11
CDnet2014,traffic,670,72,1427,1
CDnet2014,traffic,670,73,1429,1
CDnet2014,traffic,670,74,1432,1
CDnet2014,traffic,670,75,1434,1
CDnet2014,traffic,670,76,1441,1
CDnet2014,traffic,670,77,1445,2
CDnet2014,traffic,670,78,1448,1
CDnet2014,traffic,670,79,1452,5
CDnet2014,traffic,670,80,1458,3
CDnet2014,traffic,670,81,1464,1
CDnet2014,traffic,670,82,1474,1
CDnet2014,traffic,670,83,1478,3
CDnet2014,traffic,670,84,1482,2
CDnet2014,traffic,670,85,1485,10
CDnet2014,traffic,670,86,1496,3
CDnet2014,traffic,670,87,1500,2
CDnet2014,traffic,670,88,1503,1
CDnet2014,traffic,670,89,1514,1
CDnet2014,traffic,670,90,1517,1
CDnet2014,traffic,670,91,1520,2
CDnet2014,traffic,670,92,1523,39
CDnet2014,boats,6099,0,1900,18
CDnet2014,boats,6099,1,1919,6
CDnet2014,boats,6099,2,1927,4
CDnet2014,boats,6099,3,1933,1
CDnet2014,boats,6099,4,1935,95
CDnet2014,boats,6099,5,2033,137
CDnet2014,boats,6099,6,2172,3
CDnet2014,boats,6099,7,2176,6
CDnet2014,boats,6099,8,2183,1
CDnet2014,boats,6099,9,2187,32
CDnet2014,boats,6099,10,2220,7
CDnet2014,boats,6099,11,2228,74
CDnet2014,boats,6099,12,2305,18
CDnet2014,boats,6099,13,2324,1
CDnet2014,boats,6099,14,2327,5
CDnet2014,boats,6099,15,2333,1
CDnet2014,boats,6099,16,2335,4
CDnet2014,boats,6099,17,2340,60
CDnet2014,boats,6099,18,2401,12
CDnet2014,boats,6099,19,2414,11
CDnet2014,boats,6099,20,2426,20
CDnet2014,boats,6099,21,2447,157
CDnet2014,boats,6099,22,2605,8
CDnet2014,boats,6099,23,2617,2
CDnet2014,boats,6099,24,2620,2
CDnet2014,boats,6099,25,2623,67
CDnet2014,boats,6099,26,2691,37
CDnet2014,boats,6099,27,2732,17
CDnet2014,boats,6099,28,2750,1
CDnet2014,boats,6099,29,2752,88
CDnet2014,boats,6099,30,2841,169
CDnet2014,boats,6099,31,3013,28
CDnet2014,boats,6099,32,3042,2
CDnet2014,boats,6099,33,3045,9
CDnet2014,boats,6099,34,3055,6
CDnet2014,boats,6099,35,3062,5
CDnet2014,boats,6099,36,3068,5
CDnet2014,boats,6099,37,3074,10
CDnet2014,boats,6099,38,3085,2
CDnet2014,boats,6099,39,3088,7
CDnet2014,boats,6099,40,3097,13
CDnet2014,boats,6099,41,3112,70
CDnet2014,boats,6099,42,3183,12
CDnet2014,boats,6099,43,3197,1
CDnet2014,boats,6099,44,3199,73
CDnet2014,boats,6099,45,3273,20
CDnet2014,boats,6099,46,3294,26
CDnet2014,boats,6099,47,3321,6
CDnet2014,boats,6099,48,3328,6
CDnet2014,boats,6099,49,3336,104
CDnet2014,boats,6099,50,3441,22
CDnet2014,boats,6099,51,3464,3
CDnet2014,boats,6099,52,3468,83
CDnet2014,boats,6099,53,3552,2
CDnet2014,boats,6099,54,3555,28
CDnet2014,boats,6099,55,3584,34
CDnet2014,boats,6099,56,3619,29
CDnet2014,boats,6099,57,3649,2
CDnet2014,boats,6099,58,3652,1
CDnet2014,boats,6099,59,3654,3
CDnet2014,boats,6099,60,3659,4
CDnet2014,boats,6099,61,3664,24
CDnet2014,boats,6099,62,3690,2
CDnet2014,boats,6099,63,3693,3
CDnet2014,boats,6099,64,3698,10
CDnet2014,boats,6099,65,3710,5
CDnet2014,boats,6099,66,3716,4
CDnet2014,boats,6099,67,3722,36
CDnet2014,boats,6099,68,3760,68
CDnet2014,boats,6099,69,3830,2
CDnet2014,boats,6099,70,3833,2
CDnet2014,boats,6099,71,3841,1
CDnet2014,boats,6099,72,3845,1
CDnet2014,boats,6099,73,3847,1
CDnet2014,boats,6099,74,3849,124
CDnet2014,boats,6099,75,3986,46
CDnet2014,boats,6099,76,4033,23
CDnet2014,boats,6099,77,4064,3
CDnet2014,boats,6099,78,4068,18
CDnet2014,boats,6099,79,4087,4
CDnet2014,boats,6099,80,4092,18
CDnet2014,boats,6099,81,4111,2
CDnet2014,boats,6099,82,4114,3
CDnet2014,boats,6099,83,4118,28
CDnet2014,boats,6099,84,4147,12
CDnet2014,boats,6099,85,4167,1
CDnet2014,boats,6099,86,4171,1
CDnet2014,boats,6099,87,4173,1
CDnet2014,boats,6099,88,4176,1
CDnet2014,boats,6099,89,4178,1
CDnet2014,boats,6099,90,4180,49
CDnet2014,boats,6099,91,4231,1
CDnet2014,boats,6099,92,4233,1
CDnet2014,boats,6099,93,4245,75
CDnet2014,boats,6099,94,4321,327
CDnet2014,boats,6099,95,4650,49
CDnet2014,boats,6099,96,4700,97
CDnet2014,boats,6099,97,4799,1
CDnet2014,boats,6099,98,4801,137
CDnet2014,boats,6099,99,4939,2
CDnet2014,boats,6099,100,4942,3
CDnet2014,boats,6099,101,4946,1
CDnet2014,boats,6099,102,4949,95
CDnet2014,boats,6099,103,5046,2
CDnet2014,boats,6099,104,5051,8
CDnet2014,boats,6099,105,5067,2
CDnet2014,boats,6099,106,5070,1
CDnet2014,boats,6099,107,5072,1
CDnet2014,boats,6099,108,5075,65
CDnet2014,boats,6099,109,5141,7
CDnet2014,boats,6099,110,5149,128
CDnet2014,boats,6099,111,5278,15
CDnet2014,boats,6099,112,5294,30
CDnet2014,boats,6099,113,5325,170
CDnet2014,boats,6099,114,5496,121
CDnet2014,boats,6099,115,5618,7
CDnet2014,boats,6099,116,5630,1
CDnet2014,boats,6099,117,5634,71
CDnet2014,boats,6099,118,5706,129
CDnet2014,boats,6099,119,5836,33
CDnet2014,boats,6099,120,5872,3
CDnet2014,boats,6099,121,5881,2
CDnet2014,boats,6099,122,5894,1
CDnet2014,boats,6099,123,5896,6
CDnet2014,boats,6099,124,5903,41
CDnet2014,boats,6099,125,5945,1
CDnet2014,boats,6099,126,5947,1
CDnet2014,boats,6099,127,5949,193
CDnet2014,boats,6099,128,6143,78
CDnet2014,boats,6099,129,6223,2
CDnet2014,boats,6099,130,6226,25
CDnet2014,boats,6099,131,6254,227
CDnet2014,boats,6099,132,6482,5
CDnet2014,boats,6099,133,6488,9
CDnet2014,boats,6099,134,6498,13
CDnet2014,boats,6099,135,6514,3
CDnet2014,boats,6099,136,6518,74
CDnet2014,boats,6099,137,6593,2
CDnet2014,boats,6099,138,6596,42
CDnet2014,boats,6099,139,6639,79
CDnet2014,boats,6099,140,6719,15
CDnet2014,boats,6099,141,6738,1
CDnet2014,boats,6099,142,6740,38
CDnet2014,boats,6099,143,6784,84
CDnet2014,boats,6099,144,6869,1130
CDnet2014,canoe,389,0,840,245
CDnet2014,fall,3000,0,1000,3000
CDnet2014,fountain01,784,0,400,784
CDnet2014,fountain02,999,0,575,1
CDnet2014,fountain02,999,1,615,1
CDnet2014,fountain02,999,2,638,1
CDnet2014,fountain02,999,3,656,11
CDnet2014,fountain02,999,4,669,9
CDnet2014,fountain02,999,5,680,8
CDnet2014,fountain02,999,6,689,24
CDnet2014,fountain02,999,7,714,46
CDnet2014,fountain02,999,8,761,1
CDnet2014,fountain02,999,9,764,1
CDnet2014,fountain02,999,10,788,1
CDnet2014,fountain02,999,11,1222,1
CDnet2014,fountain02,999,12,1224,11
CDnet2014,fountain02,999,13,1247,1
CDnet2014,fountain02,999,14,1251,3
CDnet2014,fountain02,999,15,1255,2
CDnet2014,fountain02,999,16,1258,1
CDnet2014,fountain02,999,17,1262,32
CDnet2014,overpass,2000,0,1104,1
CDnet2014,overpass,2000,1,1617,1
CDnet2014,overpass,2000,2,2336,493
CDnet2014,overpass,2000,3,2831,2
CDnet2014,overpass,2000,4,2863,5
CDnet2014,overpass,2000,5,2871,1
CDnet2014,overpass,2000,6,2873,1
CDnet2014,overpass,2000,7,2878,7
CDnet2014,overpass,2000,8,2886,72
CDnet2014,abandonedBox,2050,0,2450,126
CDnet2014,abandonedBox,2050,1,2578,88
CDnet2014,abandonedBox,2050,2,2667,162
CDnet2014,abandonedBox,2050,3,2830,118
CDnet2014,abandonedBox,2050,4,2949,2
CDnet2014,abandonedBox,2050,5,2953,549
CDnet2014,abandonedBox,2050,6,3503,6
CDnet2014,abandonedBox,2050,7,3510,990
CDnet2014,parking,1400,0,1100,1400
CDnet2014,sofa,2250,0,500,2250
CDnet2014,streetLight,3025,0,175,1207
CDnet2014,streetLight,3025,1,1383,174
CDnet2014,streetLight,3025,2,1559,996
CDnet2014,streetLight,3025,3,2556,1
CDnet2014,streetLight,3025,4,2559,1
CDnet2014,streetLight,3025,5,2562,52
CDnet2014,streetLight,3025,6,2615,1
CDnet2014,streetLight,3025,7,2617,56
CDnet2014,streetLight,3025,8,2676,1
CDnet2014,streetLight,3025,9,2678,1
CDnet2014,streetLight,3025,10,2680,4
CDnet2014,streetLight,3025,11,2685,261
CDnet2014,streetLight,3025,12,2948,25
CDnet2014,streetLight,3025,13,2975,225
CDnet2014,tramstop,1880,0,1320,914
CDnet2014,tramstop,1880,1,2236,2
CDnet2014,tramstop,1880,2,2240,4
CDnet2014,tramstop,1880,3,2245,532
CDnet2014,tramstop,1880,4,2784,65
CDnet2014,tramstop,1880,5,2850,2
CDnet2014,tramstop,1880,6,2937,39
CDnet2014,tramstop,1880,7,2977,25
CDnet2014,tramstop,1880,8,3010,57
CDnet2014,tramstop,1880,9,3080,40
CDnet2014,tramstop,1880,10,3121,2
CDnet2014,tramstop,1880,11,3154,32
CDnet2014,tramstop,1880,12,3187,13
CDnet2014,winterDriveway,1500,0,1000,1500
CDnet2014,port_0_17fps,2000,0,1000,135
CDnet2014,port_0_17fps,2000,1,1136,22
CDnet2014,port_0_17fps,2000,2,1159,460
CDnet2014,port_0_17fps,2000,3,1620,12
CDnet2014,port_0_17fps,2000,4,1633,16
CDnet2014,port_0_17fps,2000,5,1650,2
CDnet2014,port_0_17fps,2000,6,1653,27
CDnet2014,port_0_17fps,2000,7,1681,3
CDnet2014,port_0_17fps,2000,8,1685,25
CDnet2014,port_0_17fps,2000,9,1711,3
CDnet2014,port_0_17fps,2000,10,1715,6
CDnet2014,port_0_17fps,2000,11,1723,2
CDnet2014,port_0_17fps,2000,12,1726,1
CDnet2014,port_0_17fps,2000,13,1728,2
CDnet2014,port_0_17fps,2000,14,1731,1
CDnet2014,port_0_17fps,2000,15,1735,1
CDnet2014,port_0_17fps,2000,16,1737,2
CDnet2014,port_0_17fps,2000,17,1740,2
CDnet2014,port_0_17fps,2000,18,1743,6
CDnet2014,port_0_17fps,2000,19,1751,3
CDnet2014,port_0_17fps,2000,20,1755,11
CDnet2014,port_0_17fps,2000,21,1767,1
CDnet2014,port_0_17fps,2000,22,1769,2
CDnet2014,port_0_17fps,2000,23,1772,72
CDnet2014,port_0_17fps,2000,24,1845,2
CDnet2014,port_0_17fps,2000,25,1848,22
CDnet2014,port_0_17fps,2000,26,1872,36
CDnet2014,port_0_17fps,2000,27,1909,4
CDnet2014,port_0_17fps,2000,28,1914,5
CDnet2014,port_0_17fps,2000,29,1920,2
CDnet2014,port_0_17fps,2000,30,1923,11
CDnet2014,port_0_17fps,2000,31,1935,3
CDnet2014,port_0_17fps,2000,32,1939,9
CDnet2014,port_0_17fps,2000,33,1949,7
CDnet2014,port_0_17fps,2000,34,1957,2
CDnet2014,port_0_17fps,2000,35,1960,22
CDnet2014,port_0_17fps,2000,36,1983,4
CDnet2014,port_0_17fps,2000,37,1988,13
CDnet2014,port_0_17fps,2000,38,2002,73
CDnet2014,port_0_17fps,2000,39,2076,924
CDnet2014,tramCrossroad_1fps,500,0,400,34
CDnet2014,tramCrossroad_1fps,500,1,437,8
CDnet2014,tramCrossroad_1fps,500,2,447,69
CDnet2014,tramCrossroad_1fps,500,3,517,346
CDnet2014,tramCrossroad_1fps,500,4,864,36
CDnet2014,tunnelExit_0_35fps,2000,0,2000,2000
CDnet2014,turnpike_0_5fps,700,0,800,420
CDnet2014,turnpike_0_5fps,700,1,1221,23
CDnet2014,turnpike_0_5fps,700,2,1245,3
CDnet2014,turnpike_0_5fps,700,3,1249,17
CDnet2014,turnpike_0_5fps,700,4,1267,3
CDnet2014,turnpike_0_5fps,700,5,1271,7
CDnet2014,turnpike_0_5fps,700,6,1280,2
CDnet2014,turnpike_0_5fps,700,7,1283,4
CDnet2014,turnpike_0_5fps,700,8,1288,21
CDnet2014,turnpike_0_5fps,700,9,1310,4
CDnet2014,turnpike_0_5fps,700,10,1315,7
CDnet2014,turnpike_0_5fps,700,11,1323,32
CDnet2014,turnpike_0_5fps,700,12,1356,12
CDnet2014,turnpike_0_5fps,700,13,1369,1
CDnet2014,turnpike_0_5fps,700,14,1371,18
CDnet2014,turnpike_0_5fps,700,15,1390,4
CDnet2014,turnpike_0_5fps,700,16,1395,25
CDnet2014,turnpike_0_5fps,700,17,1425,1
CDnet2014,turnpike_0_5fps,700,18,1427,2
CDnet2014,turnpike_0_5fps,700,19,1430,21
CDnet2014,turnpike_0_5fps,700,20,1453,28
CDnet2014,turnpike_0_5fps,700,21,1482,7
CDnet2014,turnpike_0_5fps,700,22,1490,2
CDnet2014,turnpike_0_5fps,700,23,1493,7
CDnet2014,bridgeEntry,1500,0,1036,1
CDnet2014,bridgeEntry,1500,1,1046,1
CDnet2014,bridgeEntry,1500,2,1061,2
CDnet2014,bridgeEntry,1500,3,1065,5
CDnet2014,bridgeEntry,1500,4,1072,1
CDnet2014,bridgeEntry,1500,5,1080,1
CDnet2014,bridgeEntry,1500,6,1085,6
CDnet2014,bridgeEntry,1500,7,1092,1
CDnet2014,bridgeEntry,1500,8,1097,9
CDnet2014,bridgeEntry,1500,9,1115,15
CDnet2014,bridgeEntry,1500,10,1156,1
CDnet2014,bridgeEntry,1500,11,1175,2
CDnet2014,bridgeEntry,1500,12,1187,1
CDnet2014,bridgeEntry,1500,13,1215,1
CDnet2014,bridgeEntry,1500,14,1234,2
CDnet2014,bridgeEntry,1500,15,1241,3
CDnet2014,bridgeEntry,1500,16,1245,2
CDnet2014,bridgeEntry,1500,17,1248,1
CDnet2014,bridgeEntry,1500,18,1264,1
CDnet2014,bridgeEntry,1500,19,1267,1
CDnet2014,bridgeEntry,1500,20,1279,1
CDnet2014,bridgeEntry,1500,21,1288,1
CDnet2014,bridgeEntry,1500,22,1298,3
CDnet2014,bridgeEntry,1500,23,1303,2
CDnet2014,bridgeEntry,1500,24,1307,2
CDnet2014,bridgeEntry,1500,25,1310,4
CDnet2014,bridgeEntry,1500,26,1318,1
CDnet2014,bridgeEntry,1500,27,1353,1
CDnet2014,bridgeEntry,1500,28,1413,6
CDnet2014,bridgeEntry,1500,29,1443,2
CDnet2014,bridgeEntry,1500,30,1449,9
CDnet2014,bridgeEntry,1500,31,1464,1
CDnet2014,bridgeEntry,1500,32,1466,1
CDnet2014,bridgeEntry,1500,33,1468,3
CDnet2014,bridgeEntry,1500,34,1472,11
CDnet2014,bridgeEntry,1500,35,1484,4
CDnet2014,bridgeEntry,1500,36,1489,5
CDnet2014,bridgeEntry,1500,37,1501,2
CDnet2014,bridgeEntry,1500,38,1505,21
CDnet2014,bridgeEntry,1500,39,1530,2
CDnet2014,bridgeEntry,1500,40,1535,1
CDnet2014,bridgeEntry,1500,41,1539,1
CDnet2014,bridgeEntry,1500,42,1548,1
CDnet2014,bridgeEntry,1500,43,1550,7
CDnet2014,bridgeEntry,1500,44,1558,1
CDnet2014,bridgeEntry,1500,45,1562,1
CDnet2014,bridgeEntry,1500,46,1565,1
CDnet2014,bridgeEntry,1500,47,1567,2
CDnet2014,bridgeEntry,1500,48,1572,3
CDnet2014,bridgeEntry,1500,49,1577,1
CDnet2014,bridgeEntry,1500,50,1583,1
CDnet2014,bridgeEntry,1500,51,1587,8
CDnet2014,bridgeEntry,1500,52,1598,3
CDnet2014,bridgeEntry,1500,53,1602,24
CDnet2014,bridgeEntry,1500,54,1628,7
CDnet2014,bridgeEntry,1500,55,1636,4
CDnet2014,bridgeEntry,1500,56,1641,2
CDnet2014,bridgeEntry,1500,57,1648,1
CDnet2014,bridgeEntry,1500,58,1652,21
CDnet2014,bridgeEntry,1500,59,1675,13
CDnet2014,bridgeEntry,1500,60,1689,4
CDnet2014,bridgeEntry,1500,61,1696,1
CDnet2014,bridgeEntry,1500,62,1698,2
CDnet2014,bridgeEntry,1500,63,1701,1
CDnet2014,bridgeEntry,1500,64,1715,1
CDnet2014,bridgeEntry,1500,65,1717,1
CDnet2014,bridgeEntry,1500,66,1719,1
CDnet2014,bridgeEntry,1500,67,1728,5
CDnet2014,bridgeEntry,1500,68,1735,7
CDnet2014,bridgeEntry,1500,69,1746,13
CDnet2014,bridgeEntry,1500,70,1760,6
CDnet2014,bridgeEntry,1500,71,1769,2
CDnet2014,bridgeEntry,1500,72,1775,2
CDnet2014,bridgeEntry,1500,73,1778,2
CDnet2014,bridgeEntry,1500,74,1785,2
CDnet2014,bridgeEntry,1500,75,1790,2
CDnet2014,bridgeEntry,1500,76,1809,3
CDnet2014,bridgeEntry,1500,77,1813,1
CDnet2014,bridgeEntry,1500,78,1815,3
CDnet2014,bridgeEntry,1500,79,1819,1
CDnet2014,bridgeEntry,1500,80,1821,1
CDnet2014,bridgeEntry,1500,81,1828,2
CDnet2014,bridgeEntry,1500,82,1831,2
CDnet2014,bridgeEntry,1500,83,1838,10
CDnet2014,bridgeEntry,1500,84,1862,1
CDnet2014,bridgeEntry,1500,85,1865,1
CDnet2014,bridgeEntry,1500,86,1875,2
CDnet2014,bridgeEntry,1500,87,1878,1
CDnet2014,bridgeEntry,1500,88,1888,1
CDnet2014,bridgeEntry,1500,89,1892,2
CDnet2014,bridgeEntry,1500,90,1900,4
CDnet2014,bridgeEntry,1500,91,1914,1
CDnet2014,bridgeEntry,1500,92,1916,1
CDnet2014,bridgeEntry,1500,93,1918,4
CDnet2014,bridgeEntry,1500,94,1923,2
CDnet2014,bridgeEntry,1500,95,1928,4
CDnet2014,bridgeEntry,1500,96,1934,3
CDnet2014,bridgeEntry,1500,97,1940,3
CDnet2014,bridgeEntry,1500,98,1949,2
CDnet2014,bridgeEntry,1500,99,1961,1
CDnet2014,bridgeEntry,1500,100,1982,1
CDnet2014,bridgeEntry,1500,101,1984,1
CDnet2014,bridgeEntry,1500,102,1986,2
CDnet2014,bridgeEntry,1500,103,1992,1
CDnet2014,bridgeEntry,1500,104,1994,3
CDnet2014,bridgeEntry,1500,105,2000,2
CDnet2014,bridgeEntry,1500,106,2012,26
CDnet2014,bridgeEntry,1500,107,2041,7
CDnet2014,bridgeEntry,1500,108,2049,4
CDnet2014,bridgeEntry,1500,109,2065,2
CDnet2014,bridgeEntry,1500,110,2071,1
CDnet2014,bridgeEntry,1500,111,2076,1
CDnet2014,bridgeEntry,1500,112,2102,1
CDnet2014,bridgeEntry,1500,113,2109,2
CDnet2014,bridgeEntry,1500,114,2112,3
CDnet2014,bridgeEntry,1500,115,2118,4
CDnet2014,bridgeEntry,1500,116,2123,1
CDnet2014,bridgeEntry,1500,117,2125,1
CDnet2014,bridgeEntry,1500,118,2128,1
CDnet2014,bridgeEntry,1500,119,2132,1
CDnet2014,bridgeEntry,1500,120,2134,1
CDnet2014,bridgeEntry,1500,121,2136,7
CDnet2014,bridgeEntry,1500,122,2144,2
CDnet2014,bridgeEntry,1500,123,2149,13
CDnet2014,bridgeEntry,1500,124,2170,1
CDnet2014,bridgeEntry,1500,125,2174,1
CDnet2014,bridgeEntry,1500,126,2180,23
CDnet2014,bridgeEntry,1500,127,2206,1
CDnet2014,bridgeEntry,1500,128,2208,2
CDnet2014,bridgeEntry,1500,129,2211,4
CDnet2014,bridgeEntry,1500,130,2222,1
CDnet2014,bridgeEntry,1500,131,2229,1
CDnet2014,bridgeEntry,1500,132,2236,1
CDnet2014,bridgeEntry,1500,133,2248,1
CDnet2014,bridgeEntry,1500,134,2250,3
CDnet2014,bridgeEntry,1500,135,2265,13
CDnet2014,bridgeEntry,1500,136,2281,3
CDnet2014,bridgeEntry,1500,137,2285,2
CDnet2014,bridgeEntry,1500,138,2291,4
CDnet2014,bridgeEntry,1500,139,2299,1
CDnet2014,bridgeEntry,1500,140,2305,6
CDnet2014,bridgeEntry,1500,141,2312,2
CDnet2014,bridgeEntry,1500,142,2315,7
CDnet2014,bridgeEntry,1500,143,2323,4
CDnet2014,bridgeEntry,1500,144,2328,2
CDnet2014,bridgeEntry,1500,145,2331,1
CDnet2014,bridgeEntry,1500,146,2334,1
CDnet2014,bridgeEntry,1500,147,2340,1
CDnet2014,bridgeEntry,1500,148,2342,1
CDnet2014,bridgeEntry,1500,149,2350,4
CDnet2014,bridgeEntry,1500,150,2365,1
CDnet2014,bridgeEntry,1500,151,2367,1
CDnet2014,bridgeEntry,1500,152,2369,2
CDnet2014,bridgeEntry,1500,153,2372,1
CDnet2014,bridgeEntry,1500,154,2385,1
CDnet2014,bridgeEntry,1500,155,2391,1
CDnet2014,bridgeEntry,1500,156,2396,1
CDnet2014,bridgeEntry,1500,157,2455,1
CDnet2014,bridgeEntry,1500,158,2458,1
CDnet2014,bridgeEntry,1500,159,2461,1
CDnet2014,bridgeEntry,1500,160,2463,1
CDnet2014,bridgeEntry,1500,161,2471,1
CDnet2014,bridgeEntry,1500,162,2475,1
CDnet2014,bridgeEntry,1500,163,2479,1
CDnet2014,bridgeEntry,1500,164,2486,2
CDnet2014,bridgeEntry,1500,165,2489,1
CDnet2014,bridgeEntry,1500,166,2494,1
CDnet2014,bridgeEntry,1500,167,2499,1
CDnet2014,busyBoulvard,2030,0,730,1
CDnet2014,busyBoulvard,2030,1,734,2
CDnet2014,busyBoulvard,2030,2,738,1
CDnet2014,busyBoulvard,2030,3,741,2
CDnet2014,busyBoulvard,2030,4,746,1
CDnet2014,busyBoulvard,2030,5,750,3
CDnet2014,busyBoulvard,2030,6,754,2
CDnet2014,busyBoulvard,2030,7,762,2
CDnet2014,busyBoulvard,2030,8,766,1
CDnet2014,busyBoulvard,2030,9,768,1
CDnet2014,busyBoulvard,2030,10,773,1
CDnet2014,busyBoulvard,2030,11,789,1
CDnet2014,busyBoulvard,2030,12,791,1
CDnet2014,busyBoulvard,2030,13,794,1
CDnet2014,busyBoulvard,2030,14,797,5
CDnet2014,busyBoulvard,2030,15,807,1
CDnet2014,busyBoulvard,2030,16,810,1
CDnet2014,busyBoulvard,2030,17,817,1
CDnet2014,busyBoulvard,2030,18,824,1
CDnet2014,busyBoulvard,2030,19,829,1
CDnet2014,busyBoulvard,2030,20,837,1
CDnet2014,busyBoulvard,2030,21,843,2
CDnet2014,busyBoulvard,2030,22,846,1
CDnet2014,busyBoulvard,2030,23,850,1
CDnet2014,busyBoulvard,2030,24,852,2
CDnet2014,busyBoulvard,2030,25,856,1
CDnet2014,busyBoulvard,2030,26,866,1
CDnet2014,busyBoulvard,2030,27,871,1
CDnet2014,busyBoulvard,2030,28,875,3
CDnet2014,busyBoulvard,2030,29,879,2
CDnet2014,busyBoulvard,2030,30,890,1
CDnet2014,busyBoulvard,2030,31,894,2
CDnet2014,busyBoulvard,2030,32,897,2
CDnet2014,busyBoulvard,2030,33,900,3
CDnet2014,busyBoulvard,2030,34,906,1
CDnet2014,busyBoulvard,2030,35,908,1
CDnet2014,busyBoulvard,2030,36,916,1
CDnet2014,busyBoulvard,2030,37,919,1
CDnet2014,busyBoulvard,2030,38,921,1
CDnet2014,busyBoulvard,2030,39,926,1
CDnet2014,busyBoulvard,2030,40,928,1
CDnet2014,busyBoulvard,2030,41,932,2
CDnet2014,busyBoulvard,2030,42,940,1
CDnet2014,busyBoulvard,2030,43,942,6
CDnet2014,busyBoulvard,2030,44,952,1
CDnet2014,busyBoulvard,2030,45,955,2
CDnet2014,busyBoulvard,2030,46,959,1
CDnet2014,busyBoulvard,2030,47,961,3
CDnet2014,busyBoulvard,2030,48,965,4
CDnet2014,busyBoulvard,2030,49,971,1
CDnet2014,busyBoulvard,2030,50,974,1
CDnet2014,busyBoulvard,2030,51,976,2
CDnet2014,busyBoulvard,2030,52,989,1
CDnet2014,busyBoulvard,2030,53,996,2
CDnet2014,busyBoulvard,2030,54,1008,1
CDnet2014,busyBoulvard,2030,55,1011,2
CDnet2014,busyBoulvard,2030,56,1016,5
CDnet2014,busyBoulvard,2030,57,1022,2
CDnet2014,busyBoulvard,2030,58,1025,21
CDnet2014,busyBoulvard,2030,59,1049,1
CDnet2014,busyBoulvard,2030,60,1052,2
CDnet2014,busyBoulvard,2030,61,1056,1
CDnet2014,busyBoulvard,2030,62,1058,1
CDnet2014,busyBoulvard,2030,63,1062,1
CDnet2014,busyBoulvard,2030,64,1064,2
CDnet2014,busyBoulvard,2030,65,1067,4
CDnet2014,busyBoulvard,2030,66,1078,17
CDnet2014,busyBoulvard,2030,67,1096,5
CDnet2014,busyBoulvard,2030,68,1103,1
CDnet2014,busyBoulvard,2030,69,1105,3
CDnet2014,busyBoulvard,2030,70,1110,3
CDnet2014,busyBoulvard,2030,71,1114,2
CDnet2014,busyBoulvard,2030,72,1117,2
CDnet2014,busyBoulvard,2030,73,1121,1
CDnet2014,busyBoulvard,2030,74,1136,2
CDnet2014,busyBoulvard,2030,75,1139,3
CDnet2014,busyBoulvard,2030,76,1143,7
CDnet2014,busyBoulvard,2030,77,1154,1
CDnet2014,busyBoulvard,2030,78,1158,4
CDnet2014,busyBoulvard,2030,79,1168,2
CDnet2014,busyBoulvard,2030,80,1171,1
CDnet2014,busyBoulvard,2030,81,1173,1
CDnet2014,busyBoulvard,2030,82,1176,1
CDnet2014,busyBoulvard,2030,83,1180,5
CDnet2014,busyBoulvard,2030,84,1186,1
CDnet2014,busyBoulvard,2030,85,1188,3
CDnet2014,busyBoulvard,2030,86,1198,1
CDnet2014,busyBoulvard,2030,87,1200,1
CDnet2014,busyBoulvard,2030,88,1203,1
CDnet2014,busyBoulvard,2030,89,1210,1
CDnet2014,busyBoulvard,2030,90,1225,1
CDnet2014,busyBoulvard,2030,91,1235,1
CDnet2014,busyBoulvard,2030,92,1245,2
CDnet2014,busyBoulvard,2030,93,1250,1
CDnet2014,busyBoulvard,2030,94,1253,1
CDnet2014,busyBoulvard,2030,95,1255,1
CDnet2014,busyBoulvard,2030,96,1264,1
CDnet2014,busyBoulvard,2030,97,1300,1
CDnet2014,busyBoulvard,2030,98,1302,5
CDnet2014,busyBoulvard,2030,99,1308,9
CDnet2014,busyBoulvard,2030,100,1319,1
CDnet2014,busyBoulvard,2030,101,1321,1
CDnet2014,busyBoulvard,2030,102,1323,2
CDnet2014,busyBoulvard,2030,103,1327,1
CDnet2014,busyBoulvard,2030,104,1329,1
CDnet2014,busyBoulvard,2030,105,1332,1
CDnet2014,busyBoulvard,2030,106,1337,1
CDnet2014,busyBoulvard,2030,107,1346,2
CDnet2014,busyBoulvard,2030,108,1349,5
CDnet2014,busyBoulvard,2030,109,1355,1
CDnet2014,busyBoulvard,2030,110,1358,1
CDnet2014,busyBoulvard,2030,111,1361,1
CDnet2014,busyBoulvard,2030,112,1363,1
CDnet2014,busyBoulvard,2030,113,1367,1
CDnet2014,busyBoulvard,2030,114,1369,3
CDnet2014,busyBoulvard,2030,115,1374,1
CDnet2014,busyBoulvard,2030,116,1376,1
CDnet2014,busyBoulvard,2030,117,1389,2
CDnet2014,busyBoulvard,2030,118,1393,1
CDnet2014,busyBoulvard,2030,119,1395,1
CDnet2014,busyBoulvard,2030,120,1397,1
CDnet2014,busyBoulvard,2030,121,1410,1
CDnet2014,busyBoulvard,2030,122,1428,3
CDnet2014,busyBoulvard,2030,123,1439,1
CDnet2014,busyBoulvard,2030,124,1451,1
CDnet2014,busyBoulvard,2030,125,1458,1
CDnet2014,busyBoulvard,2030,126,1461,2
CDnet2014,busyBoulvard,2030,127,1464,9
CDnet2014,busyBoulvard,2030,128,1474,6
CDnet2014,busyBoulvard,2030,129,1482,1
CDnet2014,busyBoulvard,2030,130,1489,1
CDnet2014,busyBoulvard,2030,131,1501,4
CDnet2014,busyBoulvard,2030,132,1506,5
CDnet2014,busyBoulvard,2030,133,1513,2
CDnet2014,busyBoulvard,2030,134,1517,1
CDnet2014,busyBoulvard,2030,135,1520,4
CDnet2014,busyBoulvard,2030,136,1526,1
CDnet2014,busyBoulvard,2030,137,1532,1
CDnet2014,busyBoulvard,2030,138,1540,1
CDnet2014,busyBoulvard,2030,139,1544,1
CDnet2014,busyBoulvard,2030,140,1548,1
CDnet2014,busyBoulvard,2030,141,1551,1
CDnet2014,busyBoulvard,2030,142,1573,1
CDnet2014,busyBoulvard,2030,143,1578,1
CDnet2014,busyBoulvard,2030,144,1583,1
CDnet2014,busyBoulvard,2030,145,1587,1
CDnet2014,busyBoulvard,2030,146,1594,3
CDnet2014,busyBoulvard,2030,147,1600,1
CDnet2014,busyBoulvard,2030,148,1602,1
CDnet2014,busyBoulvard,2030,149,1605,14
CDnet2014,busyBoulvard,2030,150,1627,1
CDnet2014,busyBoulvard,2030,151,1630,1
CDnet2014,busyBoulvard,2030,152,1633,4
CDnet2014,busyBoulvard,2030,153,1638,6
CDnet2014,busyBoulvard,2030,154,1647,6
CDnet2014,busyBoulvard,2030,155,1654,4
CDnet2014,busyBoulvard,2030,156,1659,1
CDnet2014,busyBoulvard,2030,157,1661,2
CDnet2014,busyBoulvard,2030,158,1668,13
CDnet2014,busyBoulvard,2030,159,1690,2
CDnet2014,busyBoulvard,2030,160,1693,1
CDnet2014,busyBoulvard,2030,161,1697,1
CDnet2014,busyBoulvard,2030,162,1699,51
CDnet2014,busyBoulvard,2030,163,1751,1
CDnet2014,busyBoulvard,2030,164,1759,3
CDnet2014,busyBoulvard,2030,165,1767,12
CDnet2014,busyBoulvard,2030,166,1787,1
CDnet2014,busyBoulvard,2030,167,1789,3
CDnet2014,busyBoulvard,2030,168,1798,5
CDnet2014,busyBoulvard,2030,169,1828,1
CDnet2014,busyBoulvard,2030,170,1837,1
CDnet2014,busyBoulvard,2030,171,1839,2
CDnet2014,busyBoulvard,2030,172,1849,1
CDnet2014,busyBoulvard,2030,173,1851,3
CDnet2014,busyBoulvard,2030,174,1855,1
CDnet2014,busyBoulvard,2030,175,1857,1
CDnet2014,busyBoulvard,2030,176,1861,2
CDnet2014,busyBoulvard,2030,177,1864,7
CDnet2014,busyBoulvard,2030,178,1872,1
CDnet2014,busyBoulvard,2030,179,1875,1
CDnet2014,busyBoulvard,2030,180,1879,1
CDnet2014,busyBoulvard,2030,181,1882,2
CDnet2014,busyBoulvard,2030,182,1885,2
CDnet2014,busyBoulvard,2030,183,1888,12
CDnet2014,busyBoulvard,2030,184,1904,1
CDnet2014,busyBoulvard,2030,185,1909,1
CDnet2014,busyBoulvard,2030,186,1911,1
CDnet2014,busyBoulvard,2030,187,1913,2
CDnet2014,busyBoulvard,2030,188,1919,1
CDnet2014,busyBoulvard,2030,189,1923,3
CDnet2014,busyBoulvard,2030,190,1927,2
CDnet2014,busyBoulvard,2030,191,1933,1
CDnet2014,busyBoulvard,2030,192,1939,1
CDnet2014,busyBoulvard,2030,193,1941,3
CDnet2014,busyBoulvard,2030,194,1945,1
CDnet2014,busyBoulvard,2030,195,1948,7
CDnet2014,busyBoulvard,2030,196,1964,2
CDnet2014,busyBoulvard,2030,197,1972,3
CDnet2014,busyBoulvard,2030,198,1977,1
CDnet2014,busyBoulvard,2030,199,1979,1
CDnet2014,busyBoulvard,2030,200,1981,1
CDnet2014,busyBoulvard,2030,201,1990,1
CDnet2014,busyBoulvard,2030,202,1993,1
CDnet2014,busyBoulvard,2030,203,1995,2
CDnet2014,busyBoulvard,2030,204,2000,2
CDnet2014,busyBoulvard,2030,205,2006,1
CDnet2014,busyBoulvard,2030,206,2008,1
CDnet2014,busyBoulvard,2030,207,2010,15
CDnet2014,busyBoulvard,2030,208,2026,1
CDnet2014,busyBoulvard,2030,209,2029,1
CDnet2014,busyBoulvard,2030,210,2032,6
CDnet2014,busyBoulvard,2030,211,2041,2
CDnet2014,busyBoulvard,2030,212,2044,1
CDnet2014,busyBoulvard,2030,213,2047,4
CDnet2014,busyBoulvard,2030,214,2052,1
CDnet2014,busyBoulvard,2030,215,2054,1
CDnet2014,busyBoulvard,2030,216,2057,2
CDnet2014,busyBoulvard,2030,217,2060,1
CDnet2014,busyBoulvard,2030,218,2062,2
CDnet2014,busyBoulvard,2030,219,2070,3
CDnet2014,busyBoulvard,2030,220,2076,1
CDnet2014,busyBoulvard,2030,221,2083,1
CDnet2014,busyBoulvard,2030,222,2092,1
CDnet2014,busyBoulvard,2030,223,2094,1
CDnet2014,busyBoulvard,2030,224,2096,2
CDnet2014,busyBoulvard,2030,225,2099,3
CDnet2014,busyBoulvard,2030,226,2103,2
CDnet2014,busyBoulvard,2030,227,2110,1
CDnet2014,busyBoulvard,2030,228,2114,2
CDnet2014,busyBoulvard,2030,229,2117,1
CDnet2014,busyBoulvard,2030,230,2119,2
CDnet2014,busyBoulvard,2030,231,2122,2
CDnet2014,busyBoulvard,2030,232,2126,1
CDnet2014,busyBoulvard,2030,233,2129,1
CDnet2014,busyBoulvard,2030,234,2136,1
CDnet2014,busyBoulvard,2030,235,2138,2
CDnet2014,busyBoulvard,2030,236,2141,8
CDnet2014,busyBoulvard,2030,237,2156,1
CDnet2014,busyBoulvard,2030,238,2165,1
CDnet2014,busyBoulvard,2030,239,2170,9
CDnet2014,busyBoulvard,2030,240,2181,11
CDnet2014,busyBoulvard,2030,241,2193,63
CDnet2014,busyBoulvard,2030,242,2257,125
CDnet2014,busyBoulvard,2030,243,2383,26
CDnet2014,busyBoulvard,2030,244,2410,16
CDnet2014,busyBoulvard,2030,245,2430,67
CDnet2014,busyBoulvard,2030,246,2498,24
CDnet2014,busyBoulvard,2030,247,2523,8
CDnet2014,busyBoulvard,2030,248,2541,2
CDnet2014,busyBoulvard,2030,249,2545,2
CDnet2014,busyBoulvard,2030,250,2550,1
CDnet2014,busyBoulvard,2030,251,2555,1
CDnet2014,busyBoulvard,2030,252,2571,1
CDnet2014,busyBoulvard,2030,253,2574,2
CDnet2014,busyBoulvard,2030,254,2577,12
CDnet2014,busyBoulvard,2030,255,2600,1
CDnet2014,busyBoulvard,2030,256,2603,1
CDnet2014,busyBoulvard,2030,257,2605,1
CDnet2014,busyBoulvard,2030,258,2607,2
CDnet2014,busyBoulvard,2030,259,2611,2
CDnet2014,busyBoulvard,2030,260,2624,1
CDnet2014,busyBoulvard,2030,261,2631,2
CDnet2014,busyBoulvard,2030,262,2641,1
CDnet2014,busyBoulvard,2030,263,2644,1
CDnet2014,busyBoulvard,2030,264,2646,1
CDnet2014,busyBoulvard,2030,265,2648,1
CDnet2014,busyBoulvard,2030,266,2651,2
CDnet2014,busyBoulvard,2030,267,2655,1
CDnet2014,busyBoulvard,2030,268,2659,1
CDnet2014,busyBoulvard,2030,269,2663,1
CDnet2014,busyBoulvard,2030,270,2667,8
CDnet2014,busyBoulvard,2030,271,2676,24
CDnet2014,busyBoulvard,2030,272,2708,7
CDnet2014,busyBoulvard,2030,273,2716,2
CDnet2014,busyBoulvard,2030,274,2722,1
CDnet2014,busyBoulvard,2030,275,2725,2
CDnet2014,busyBoulvard,2030,276,2736,1
CDnet2014,busyBoulvard,2030,277,2758,1
CDnet2014,fluidHighway,964,0,404,2
CDnet2014,fluidHighway,964,1,409,11
CDnet2014,fluidHighway,964,2,421,57
CDnet2014,fluidHighway,964,3,484,1
CDnet2014,fluidHighway,964,4,491,2
CDnet2014,fluidHighway,964,5,515,2
CDnet2014,fluidHighway,964,6,518,17
CDnet2014,fluidHighway,964,7,536,3
CDnet2014,fluidHighway,964,8,541,3
CDnet2014,fluidHighway,964,9,545,2
CDnet2014,fluidHighway,964,10,548,3
CDnet2014,fluidHighway,964,11,553,7
CDnet2014,fluidHighway,964,12,568,1
CDnet2014,fluidHighway,964,13,573,1
CDnet2014,fluidHighway,964,14,586,1
CDnet2014,fluidHighway,964,15,589,3
CDnet2014,fluidHighway,964,16,604,1
CDnet2014,fluidHighway,964,17,606,1
CDnet2014,fluidHighway,964,18,614,1
CDnet2014,fluidHighway,964,19,623,3
CDnet2014,fluidHighway,964,20,646,6
CDnet2014,fluidHighway,964,21,656,2
CDnet2014,fluidHighway,964,22,682,3
CDnet2014,fluidHighway,964,23,686,2
CDnet2014,fluidHighway,964,24,689,4
CDnet2014,fluidHighway,964,25,695,5
CDnet2014,fluidHighway,964,26,703,4
CDnet2014,fluidHighway,964,27,708,1
CDnet2014,fluidHighway,964,28,710,2
CDnet2014,fluidHighway,964,29,713,5
CDnet2014,fluidHighway,964,30,719,2
CDnet2014,fluidHighway,964,31,788,53
CDnet2014,fluidHighway,964,32,842,1
CDnet2014,fluidHighway,964,33,844,13
CDnet2014,fluidHighway,964,34,859,1
CDnet2014,fluidHighway,964,35,865,1
CDnet2014,fluidHighway,964,36,874,1
CDnet2014,fluidHighway,964,37,879,2
CDnet2014,fluidHighway,964,38,883,1
CDnet2014,fluidHighway,964,39,887,2
CDnet2014,fluidHighway,964,40,892,1
CDnet2014,fluidHighway,964,41,920,2
CDnet2014,fluidHighway,964,42,924,5
CDnet2014,fluidHighway,964,43,935,2
CDnet2014,fluidHighway,964,44,945,1
CDnet2014,fluidHighway,964,45,947,1
CDnet2014,fluidHighway,964,46,952,1
CDnet2014,fluidHighway,964,47,956,2
CDnet2014,fluidHighway,964,48,959,2
CDnet2014,fluidHighway,964,49,962,2
CDnet2014,fluidHighway,964,50,965,9
CDnet2014,fluidHighway,964,51,980,2
CDnet2014,fluidHighway,964,52,986,20
CDnet2014,fluidHighway,964,53,1007,7
CDnet2014,fluidHighway,964,54,1015,12
CDnet2014,fluidHighway,964,55,1028,32
CDnet2014,fluidHighway,964,56,1063,49
CDnet2014,fluidHighway,964,57,1114,4
CDnet2014,fluidHighway,964,58,1119,1
CDnet2014,fluidHighway,964,59,1121,17
CDnet2014,fluidHighway,964,60,1143,13
CDnet2014,fluidHighway,964,61,1157,11
CDnet2014,fluidHighway,964,62,1169,12
CDnet2014,fluidHighway,964,63,1182,8
CDnet2014,fluidHighway,964,64,1193,2
CDnet2014,fluidHighway,964,65,1196,6
CDnet2014,fluidHighway,964,66,1204,3
CDnet2014,fluidHighway,964,67,1208,23
CDnet2014,fluidHighway,964,68,1234,3
CDnet2014,fluidHighway,964,69,1240,1
CDnet2014,fluidHighway,964,70,1246,9
CDnet2014,fluidHighway,964,71,1258,4
CDnet2014,fluidHighway,964,72,1271,6
CDnet2014,fluidHighway,964,73,1343,5
CDnet2014,fluidHighway,964,74,1351,1
CDnet2014,fluidHighway,964,75,1359,5
CDnet2014,streetCornerAtNight,4400,0,869,31
CDnet2014,streetCornerAtNight,4400,1,904,2
CDnet2014,streetCornerAtNight,4400,2,909,9
CDnet2014,streetCornerAtNight,4400,3,966,47
CDnet2014,streetCornerAtNight,4400,4,1015,1
CDnet2014,streetCornerAtNight,4400,5,1147,1
CDnet2014,streetCornerAtNight,4400,6,1156,2
CDnet2014,streetCornerAtNight,4400,7,1161,1
CDnet2014,streetCornerAtNight,4400,8,1164,1
CDnet2014,streetCornerAtNight,4400,9,1237,4
CDnet2014,streetCornerAtNight,4400,10,1245,6
CDnet2014,streetCornerAtNight,4400,11,1252,2
CDnet2014,streetCornerAtNight,4400,12,1260,5
CDnet2014,streetCornerAtNight,4400,13,1268,1
CDnet2014,streetCornerAtNight,4400,14,1270,2
CDnet2014,streetCornerAtNight,4400,15,1273,8
CDnet2014,streetCornerAtNight,4400,16,1347,1
CDnet2014,streetCornerAtNight,4400,17,1349,2
CDnet2014,streetCornerAtNight,4400,18,1356,3
CDnet2014,streetCornerAtNight,4400,19,1508,32
CDnet2014,streetCornerAtNight,4400,20,1547,2
CDnet2014,streetCornerAtNight,4400,21,1565,1
CDnet2014,streetCornerAtNight,4400,22,1569,1
CDnet2014,streetCornerAtNight,4400,23,1571,2
CDnet2014,streetCornerAtNight,4400,24,1575,2
CDnet2014,streetCornerAtNight,4400,25,1658,1
CDnet2014,streetCornerAtNight,4400,26,1661,11
CDnet2014,streetCornerAtNight,4400,27,1762,4
CDnet2014,streetCornerAtNight,4400,28,1769,1
CDnet2014,streetCornerAtNight,4400,29,1771,1
CDnet2014,streetCornerAtNight,4400,30,1776,15
CDnet2014,streetCornerAtNight,4400,31,1833,4
CDnet2014,streetCornerAtNight,4400,32,1877,2
CDnet2014,streetCornerAtNight,4400,33,1912,1
CDnet2014,streetCornerAtNight,4400,34,2056,1
CDnet2014,streetCornerAtNight,4400,35,2116,1
CDnet2014,streetCornerAtNight,4400,36,2137,2
CDnet2014,streetCornerAtNight,4400,37,2233,1
CDnet2014,streetCornerAtNight,4400,38,2311,1
CDnet2014,streetCornerAtNight,4400,39,2339,2
CDnet2014,streetCornerAtNight,4400,40,2471,6
CDnet2014,streetCornerAtNight,4400,41,2478,1
CDnet2014,streetCornerAtNight,4400,42,2480,8
CDnet2014,streetCornerAtNight,4400,43,2489,4
CDnet2014,streetCornerAtNight,4400,44,2494,4
CDnet2014,streetCornerAtNight,4400,45,2569,2
CDnet2014,streetCornerAtNight,4400,46,2580,3
CDnet2014,streetCornerAtNight,4400,47,2584,2
CDnet2014,streetCornerAtNight,4400,48,2588,10
CDnet2014,streetCornerAtNight,4400,49,2599,1
CDnet2014,streetCornerAtNight,4400,50,2601,14
CDnet2014,streetCornerAtNight,4400,51,2616,5
CDnet2014,streetCornerAtNight,4400,52,2758,1
CDnet2014,streetCornerAtNight,4400,53,2760,3
CDnet2014,streetCornerAtNight,4400,54,2764,1
CDnet2014,streetCornerAtNight,4400,55,2770,7
CDnet2014,streetCornerAtNight,4400,56,2778,1
CDnet2014,streetCornerAtNight,4400,57,2780,1
CDnet2014,streetCornerAtNight,4400,58,2782,51
CDnet2014,streetCornerAtNight,4400,59,2837,1
CDnet2014,streetCornerAtNight,4400,60,2886,2
CDnet2014,streetCornerAtNight,4400,61,2891,1
CDnet2014,streetCornerAtNight,4400,62,2936,1
CDnet2014,streetCornerAtNight,4400,63,2938,1
CDnet2014,streetCornerAtNight,4400,64,2940,2
CDnet2014,streetCornerAtNight,4400,65,2972,5
CDnet2014,streetCornerAtNight,4400,66,2979,2
CDnet2014,streetCornerAtNight,4400,67,2982,22
CDnet2014,streetCornerAtNight,4400,68,3161,13
CDnet2014,streetCornerAtNight,4400,69,3184,1
CDnet2014,streetCornerAtNight,4400,70,3186,4
CDnet2014,streetCornerAtNight,4400,71,3303,1
CDnet2014,streetCornerAtNight,4400,72,3395,2
CDnet2014,streetCornerAtNight,4400,73,3461,1
CDnet2014,streetCornerAtNight,4400,74,3765,1
CDnet2014,streetCornerAtNight,4400,75,3811,1
CDnet2014,streetCornerAtNight,4400,76,3817,1
CDnet2014,streetCornerAtNight,4400,77,3819,4
CDnet2014,streetCornerAtNight,4400,78,3824,8
CDnet2014,streetCornerAtNight,4400,79,3839,1
CDnet2014,streetCornerAtNight,4400,80,3841,1
CDnet2014,streetCornerAtNight,4400,81,3847,11
CDnet2014,streetCornerAtNight,4400,82,3871,1
CDnet2014,streetCornerAtNight,4400,83,3875,1
CDnet2014,streetCornerAtNight,4400,84,3878,1
CDnet2014,streetCornerAtNight,4400,85,3890,1
CDnet2014,streetCornerAtNight,4400,86,3895,1
CDnet2014,streetCornerAtNight,4400,87,3951,1
CDnet2014,streetCornerAtNight,4400,88,3956,45
CDnet2014,streetCornerAtNight,4400,89,4004,1
CDnet2014,streetCornerAtNight,4400,90,4010,2
CDnet2014,streetCornerAtNight,4400,91,4168,7
CDnet2014,streetCornerAtNight,4400,92,4176,1
CDnet2014,streetCornerAtNight,4400,93,4178,4
CDnet2014,streetCornerAtNight,4400,94,4183,1
CDnet2014,streetCornerAtNight,4400,95,4185,26
CDnet2014,streetCornerAtNight,4400,96,4212,6
CDnet2014,streetCornerAtNight,4400,97,4220,5
CDnet2014,streetCornerAtNight,4400,98,4226,2
CDnet2014,streetCornerAtNight,4400,99,4229,2
CDnet2014,streetCornerAtNight,4400,100,4285,5
CDnet2014,streetCornerAtNight,4400,101,4291,1
CDnet2014,streetCornerAtNight,4400,102,4296,3
CDnet2014,streetCornerAtNight,4400,103,4439,1
CDnet2014,streetCornerAtNight,4400,104,4443,1
CDnet2014,streetCornerAtNight,4400,105,4452,13
CDnet2014,streetCornerAtNight,4400,106,4466,11
CDnet2014,streetCornerAtNight,4400,107,4478,1
CDnet2014,streetCornerAtNight,4400,108,4499,1
CDnet2014,streetCornerAtNight,4400,109,4520,1
CDnet2014,streetCornerAtNight,4400,110,4528,1
CDnet2014,streetCornerAtNight,4400,111,4530,4
CDnet2014,streetCornerAtNight,4400,112,4535,4
CDnet2014,streetCornerAtNight,4400,113,4547,5
CDnet2014,streetCornerAtNight,4400,114,4554,1
CDnet2014,streetCornerAtNight,4400,115,4557,1
CDnet2014,streetCornerAtNight,4400,116,4559,1
CDnet2014,streetCornerAtNight,4400,117,4569,1
CDnet2014,streetCornerAtNight,4400,118,4576,1
CDnet2014,streetCornerAtNight,4400,119,4605,1
CDnet2014,streetCornerAtNight,4400,120,4607,1
CDnet2014,streetCornerAtNight,4400,121,4657,5
CDnet2014,streetCornerAtNight,4400,122,4663,1
CDnet2014,streetCornerAtNight,4400,123,4666,1
CDnet2014,streetCornerAtNight,4400,124,4668,2
CDnet2014,streetCornerAtNight,4400,125,4674,1
CDnet2014,streetCornerAtNight,4400,126,4708,1
CDnet2014,streetCornerAtNight,4400,127,4713,2
CDnet2014,streetCornerAtNight,4400,128,4777,1
CDnet2014,streetCornerAtNight,4400,129,4783,1
CDnet2014,streetCornerAtNight,4400,130,4785,6
CDnet2014,streetCornerAtNight,4400,131,4794,46
CDnet2014,streetCornerAtNight,4400,132,4841,1
CDnet2014,streetCornerAtNight,4400,133,4843,7
CDnet2014,streetCornerAtNight,4400,134,4851,2
CDnet2014,streetCornerAtNight,4400,135,4854,17
CDnet2014,streetCornerAtNight,4400,136,4872,2
CDnet2014,streetCornerAtNight,4400,137,4875,1
CDnet2014,streetCornerAtNight,4400,138,4877,2
CDnet2014,streetCornerAtNight,4400,139,4880,3
CDnet2014,streetCornerAtNight,4400,140,4890,1
CDnet2014,streetCornerAtNight,4400,141,4896,6
CDnet2014,streetCornerAtNight,4400,142,4903,1
CDnet2014,streetCornerAtNight,4400,143,4953,1
CDnet2014,streetCornerAtNight,4400,144,5012,1
CDnet2014,streetCornerAtNight,4400,145,5014,2
CDnet2014,tramStation,2500,0,500,42
CDnet2014,tramStation,2500,1,543,12
CDnet2014,tramStation,2500,2,556,1
CDnet2014,tramStation,2500,3,579,1
CDnet2014,tramStation,2500,4,583,3
CDnet2014,tramStation,2500,5,590,1
CDnet2014,tramStation,2500,6,592,1
CDnet2014,tramStation,2500,7,601,1
CDnet2014,tramStation,2500,8,604,28
CDnet2014,tramStation,2500,9,633,17
CDnet2014,tramStation,2500,10,651,3
CDnet2014,tramStation,2500,11,656,17
CDnet2014,tramStation,2500,12,674,2
CDnet2014,tramStation,2500,13,677,115
CDnet2014,tramStation,2500,14,793,1
CDnet2014,tramStation,2500,15,797,1
CDnet2014,tramStation,2500,16,799,3
CDnet2014,tramStation,2500,17,803,2
CDnet2014,tramStation,2500,18,806,2
CDnet2014,tramStation,2500,19,809,1
CDnet2014,tramStation,2500,20,811,10
CDnet2014,tramStation,2500,21,822,2
CDnet2014,tramStation,2500,22,825,1
CDnet2014,tramStation,2500,23,828,2
CDnet2014,tramStation,2500,24,833,1
CDnet2014,tramStation,2500,25,835,2
CDnet2014,tramStation,2500,26,838,1
CDnet2014,tramStation,2500,27,841,1
CDnet2014,tramStation,2500,28,843,1
CDnet2014,tramStation,2500,29,846,1
CDnet2014,tramStation,2500,30,848,1
CDnet2014,tramStation,2500,31,852,1
CDnet2014,tramStation,2500,32,855,1
CDnet2014,tramStation,2500,33,857,1
CDnet2014,tramStation,2500,34,859,11
CDnet2014,tramStation,2500,35,872,17
CDnet2014,tramStation,2500,36,890,63
CDnet2014,tramStation,2500,37,954,251
CDnet2014,tramStation,2500,38,1208,3
CDnet2014,tramStation,2500,39,1212,23
CDnet2014,tramStation,2500,40,1236,6
CDnet2014,tramStation,2500,41,1243,39
CDnet2014,tramStation,2500,42,1285,171
CDnet2014,tramStation,2500,43,1457,149
CDnet2014,tramStation,2500,44,1607,7
CDnet2014,tramStation,2500,45,1615,61
CDnet2014,tramStation,2500,46,1677,8
CDnet2014,tramStation,2500,47,1686,235
CDnet2014,tramStation,2500,48,1922,753
CDnet2014,tramStation,2500,49,2676,130
CDnet2014,tramStation,2500,50,2807,8
CDnet2014,tramStation,2500,51,2818,3
CDnet2014,tramStation,2500,52,2825,5
CDnet2014,tramStation,2500,53,2831,4
CDnet2014,tramStation,2500,54,2840,11
CDnet2014,tramStation,2500,55,2856,3
CDnet2014,tramStation,2500,56,2860,26
CDnet2014,tramStation,2500,57,2887,3
CDnet2014,tramStation,2500,58,2891,2
CDnet2014,tramStation,2500,59,2894,1
CDnet2014,tramStation,2500,60,2896,6
CDnet2014,tramStation,2500,61,2903,14
CDnet2014,tramStation,2500,62,2919,1
CDnet2014,tramStation,2500,63,2921,28
CDnet2014,tramStation,2500,64,2950,2
CDnet2014,tramStation,2500,65,2953,1
CDnet2014,tramStation,2500,66,2955,45
CDnet2014,winterStreet,885,0,900,181
CDnet2014,winterStreet,885,1,1082,39
CDnet2014,winterStreet,885,2,1122,1
CDnet2014,winterStreet,885,3,1124,19
CDnet2014,winterStreet,885,4,1145,3
CDnet2014,winterStreet,885,5,1194,2
CDnet2014,winterStreet,885,6,1198,1
CDnet2014,winterStreet,885,7,1207,1
CDnet2014,winterStreet,885,8,1213,1
CDnet2014,winterStreet,885,9,1219,2
CDnet2014,winterStreet,885,10,1223,46
CDnet2014,winterStreet,885,11,1270,1
CDnet2014,winterStreet,885,12,1272,1
CDnet2014,winterStreet,885,13,1274,15
CDnet2014,winterStreet,885,14,1291,186
CDnet2014,winterStreet,885,15,1478,4
CDnet2014,winterStreet,885,16,1484,3
CDnet2014,winterStreet,885,17,1493,1
CDnet2014,winterStreet,885,18,1505,1
CDnet2014,winterStreet,885,19,1507,1
CDnet2014,winterStreet,885,20,1510,3
CDnet2014,winterStreet,885,21,1514,1
CDnet2014,winterStreet,885,22,1517,4
CDnet2014,winterStreet,885,23,1522,2
CDnet2014,winterStreet,885,24,1526,3
CDnet2014,winterStreet,885,25,1530,223
CDnet2014,winterStreet,885,26,1755,30
CDnet2014,backdoor,1600,0,400,1600
CDnet2014,bungalows,1400,0,300,1400
CDnet2014,busStation,950,0,300,840
CDnet2014,busStation,950,1,1152,2
CDnet2014,copyMachine,2900,0,500,883
CDnet2014,copyMachine,2900,1,1385,2
CDnet2014,copyMachine,2900,2,1440,1
CDnet2014,copyMachine,2900,3,1442,909
CDnet2014,copyMachine,2900,4,2352,1
CDnet2014,copyMachine,2900,5,2354,5
CDnet2014,copyMachine,2900,6,2393,6
CDnet2014,copyMachine,2900,7,2400,366
CDnet2014,copyMachine,2900,8,2767,25
CDnet2014,copyMachine,2900,9,2793,9
CDnet2014,copyMachine,2900,10,2803,9
CDnet2014,copyMachine,2900,11,2818,2
CDnet2014,copyMachine,2900,12,2821,1
CDnet2014,copyMachine,2900,13,2825,1
CDnet2014,copyMachine,2900,14,2828,1
CDnet2014,copyMachine,2900,15,2832,1
CDnet2014,copyMachine,2900,16,2834,3
CDnet2014,copyMachine,2900,17,2838,5
CDnet2014,copyMachine,2900,18,2909,7
CDnet2014,copyMachine,2900,19,2917,309
CDnet2014,copyMachine,2900,20,3234,2
CDnet2014,copyMachine,2900,21,3239,1
CDnet2014,copyMachine,2900,22,3241,2
CDnet2014,copyMachine,2900,23,3249,151
CDnet2014,cubicle,6300,0,1100,6300
CDnet2014,peopleInShade,949,0,287,79
CDnet2014,peopleInShade,949,1,437,70
CDnet2014,peopleInShade,949,2,574,230
CDnet2014,peopleInShade,949,3,833,137
CDnet2014,peopleInShade,949,4,1056,62
CDnet2014,corridor,4900,0,574,1
CDnet2014,corridor,4900,1,576,2
CDnet2014,corridor,4900,2,579,15
CDnet2014,corridor,4900,3,595,288
CDnet2014,corridor,4900,4,884,141
CDnet2014,corridor,4900,5,1026,4
CDnet2014,corridor,4900,6,1031,6
CDnet2014,corridor,4900,7,1038,5
CDnet2014,corridor,4900,8,1044,5
CDnet2014,corridor,4900,9,1050,75
CDnet2014,corridor,4900,10,1126,1
CDnet2014,corridor,4900,11,1129,34
CDnet2014,corridor,4900,12,1165,3
CDnet2014,corridor,4900,13,1169,8
CDnet2014,corridor,4900,14,1178,2
CDnet2014,corridor,4900,15,1181,1
CDnet2014,corridor,4900,16,1183,2
CDnet2014,corridor,4900,17,1186,4
CDnet2014,corridor,4900,18,1192,2
CDnet2014,corridor,4900,19,1196,3
CDnet2014,corridor,4900,20,1201,2
CDnet2014,corridor,4900,21,1205,4
CDnet2014,corridor,4900,22,1210,1
CDnet2014,corridor,4900,23,1212,1
CDnet2014,corridor,4900,24,1220,1
CDnet2014,corridor,4900,25,1226,1
CDnet2014,corridor,4900,26,1233,1
CDnet2014,corridor,4900,27,1235,1
CDnet2014,corridor,4900,28,1237,1
CDnet2014,corridor,4900,29,1239,1
CDnet2014,corridor,4900,30,1242,11
CDnet2014,corridor,4900,31,1254,4
CDnet2014,corridor,4900,32,1259,3
CDnet2014,corridor,4900,33,1263,20
CDnet2014,corridor,4900,34,1284,2
CDnet2014,corridor,4900,35,1287,13
CDnet2014,corridor,4900,36,1302,1
CDnet2014,corridor,4900,37,1304,16
CDnet2014,corridor,4900,38,1321,9
CDnet2014,corridor,4900,39,1331,25
CDnet2014,corridor,4900,40,1357,2
CDnet2014,corridor,4900,41,1360,1
CDnet2014,corridor,4900,42,1362,1
CDnet2014,corridor,4900,43,1366,3
CDnet2014,corridor,4900,44,1370,3
CDnet2014,corridor,4900,45,1374,2
CDnet2014,corridor,4900,46,1377,1
CDnet2014,corridor,4900,47,1379,5
CDnet2014,corridor,4900,48,1385,209
CDnet2014,corridor,4900,49,1595,3
CDnet2014,corridor,4900,50,1599,432
CDnet2014,corridor,4900,51,2032,4
CDnet2014,corridor,4900,52,2037,15
CDnet2014,corridor,4900,53,2053,1
CDnet2014,corridor,4900,54,2337,1
CDnet2014,corridor,4900,55,2339,1
CDnet2014,corridor,4900,56,2341,2
CDnet2014,corridor,4900,57,2345,43
CDnet2014,corridor,4900,58,2393,209
CDnet2014,corridor,4900,59,2604,1
CDnet2014,corridor,4900,60,2992,1
CDnet2014,corridor,4900,61,2994,12
CDnet2014,corridor,4900,62,3008,3
CDnet2014,corridor,4900,63,3019,5
CDnet2014,corridor,4900,64,3025,4
CDnet2014,corridor,4900,65,3030,70
CDnet2014,corridor,4900,66,3102,1
CDnet2014,corridor,4900,67,3106,25
CDnet2014,corridor,4900,68,3137,9
CDnet2014,corridor,4900,69,3147,4
CDnet2014,corridor,4900,70,3152,2
CDnet2014,corridor,4900,71,3155,28
CDnet2014,corridor,4900,72,3184,3
CDnet2014,corridor,4900,73,3202,6
CDnet2014,corridor,4900,74,3211,3
CDnet2014,corridor,4900,75,3221,2
CDnet2014,corridor,4900,76,3243,29
CDnet2014,corridor,4900,77,3273,1
CDnet2014,corridor,4900,78,3275,7
CDnet2014,corridor,4900,79,3284,5
CDnet2014,corridor,4900,80,3290,1
CDnet2014,corridor,4900,81,3304,3
CDnet2014,corridor,4900,82,3308,2
CDnet2014,corridor,4900,83,3314,1
CDnet2014,corridor,4900,84,3316,3
CDnet2014,corridor,4900,85,3320,9
CDnet2014,corridor,4900,86,3331,15
CDnet2014,corridor,4900,87,3350,5
CDnet2014,corridor,4900,88,3358,1
CDnet2014,corridor,4900,89,3362,1
CDnet2014,corridor,4900,90,3364,1
CDnet2014,corridor,4900,91,3366,4
CDnet2014,corridor,4900,92,3372,3
CDnet2014,corridor,4900,93,3393,1
CDnet2014,corridor,4900,94,3400,1
CDnet2014,corridor,4900,95,3407,1
CDnet2014,corridor,4900,96,3413,1
CDnet2014,corridor,4900,97,3416,2
CDnet2014,corridor,4900,98,3419,1
CDnet2014,corridor,4900,99,3421,26
CDnet2014,corridor,4900,100,3448,16
CDnet2014,corridor,4900,101,3465,9
CDnet2014,corridor,4900,102,3475,2
CDnet2014,corridor,4900,103,3478,5
CDnet2014,corridor,4900,104,3484,1
CDnet2014,corridor,4900,105,3486,7
CDnet2014,corridor,4900,106,3494,4
CDnet2014,corridor,4900,107,3499,1
CDnet2014,corridor,4900,108,3503,1
CDnet2014,corridor,4900,109,3506,2
CDnet2014,corridor,4900,110,3510,2
CDnet2014,corridor,4900,111,3513,2
CDnet2014,corridor,4900,112,3839,1
CDnet2014,corridor,4900,113,4021,1
CDnet2014,corridor,4900,114,4039,1
CDnet2014,corridor,4900,115,4564,2
CDnet2014,corridor,4900,116,4573,215
CDnet2014,corridor,4900,117,4911,1
CDnet2014,corridor,4900,118,4915,76
CDnet2014,corridor,4900,119,4992,58
CDnet2014,corridor,4900,120,5051,1
CDnet2014,diningRoom,3000,0,700,1095
CDnet2014,diningRoom,3000,1,1797,3
CDnet2014,diningRoom,3000,2,1802,2
CDnet2014,diningRoom,3000,3,1805,24
CDnet2014,diningRoom,3000,4,1830,64
CDnet2014,diningRoom,3000,5,1895,258
CDnet2014,diningRoom,3000,6,2154,1
CDnet2014,diningRoom,3000,7,2156,3
CDnet2014,diningRoom,3000,8,2160,542
CDnet2014,diningRoom,3000,9,2703,67
CDnet2014,diningRoom,3000,10,2771,67
CDnet2014,diningRoom,3000,11,2840,431
CDnet2014,diningRoom,3000,12,3272,428
CDnet2014,lakeSide,5500,0,1061,13
CDnet2014,lakeSide,5500,1,1106,5
CDnet2014,lakeSide,5500,2,1112,3
CDnet2014,lakeSide,5500,3,1121,3
CDnet2014,lakeSide,5500,4,1126,4
CDnet2014,lakeSide,5500,5,1131,16
CDnet2014,lakeSide,5500,6,1148,7
CDnet2014,lakeSide,5500,7,1180,6
CDnet2014,lakeSide,5500,8,1195,2
CDnet2014,lakeSide,5500,9,1198,4
CDnet2014,lakeSide,5500,10,1203,662
CDnet2014,lakeSide,5500,11,1866,101
CDnet2014,lakeSide,5500,12,1968,65
CDnet2014,lakeSide,5500,13,2034,10
CDnet2014,lakeSide,5500,14,2045,12
CDnet2014,lakeSide,5500,15,2060,1
CDnet2014,lakeSide,5500,16,2062,2
CDnet2014,lakeSide,5500,17,2065,3
CDnet2014,lakeSide,5500,18,2070,25
CDnet2014,lakeSide,5500,19,2096,1
CDnet2014,lakeSide,5500,20,2102,10
CDnet2014,lakeSide,5500,21,2116,4
CDnet2014,lakeSide,5500,22,2123,2
CDnet2014,lakeSide,5500,23,2126,10
CDnet2014,lakeSide,5500,24,2137,4
CDnet2014,lakeSide,5500,25,2142,6
CDnet2014,lakeSide,5500,26,2149,37
CDnet2014,lakeSide,5500,27,2187,5
CDnet2014,lakeSide,5500,28,2193,821
CDnet2014,lakeSide,5500,29,3015,93
CDnet2014,lakeSide,5500,30,3109,513
CDnet2014,lakeSide,5500,31,3623,7
CDnet2014,lakeSide,5500,32,3631,155
CDnet2014,lakeSide,5500,33,3787,30
CDnet2014,lakeSide,5500,34,3818,151
CDnet2014,lakeSide,5500,35,3970,232
CDnet2014,lakeSide,5500,36,4204,15
CDnet2014,lakeSide,5500,37,4220,78
CDnet2014,lakeSide,5500,38,4300,9
CDnet2014,lakeSide,5500,39,4311,2
CDnet2014,lakeSide,5500,40,4315,39
CDnet2014,lakeSide,5500,41,4355,2
CDnet2014,lakeSide,5500,42,4358,4
CDnet2014,lakeSide,5500,43,4363,3
CDnet2014,lakeSide,5500,44,4368,11
CDnet2014,lakeSide,5500,45,4380,14
CDnet2014,lakeSide,5500,46,4403,5
CDnet2014,lakeSide,5500,47,4412,1
CDnet2014,lakeSide,5500,48,4416,17
CDnet2014,lakeSide,5500,49,4434,17
CDnet2014,lakeSide,5500,50,4452,39
CDnet2014,lakeSide,5500,51,4492,1
CDnet2014,lakeSide,5500,52,4494,1
CDnet2014,lakeSide,5500,53,4497,2
CDnet2014,lakeSide,5500,54,4500,17
CDnet2014,lakeSide,5500,55,4519,1
CDnet2014,lakeSide,5500,56,4521,1
CDnet2014,lakeSide,5500,57,4587,1
CDnet2014,lakeSide,5500,58,4590,4
CDnet2014,lakeSide,5500,59,4596,1
CDnet2014,lakeSide,5500,60,4598,1
CDnet2014,lakeSide,5500,61,4601,1
CDnet2014,lakeSide,5500,62,4670,1
CDnet2014,lakeSide,5500,63,4675,2
CDnet2014,lakeSide,5500,64,4689,1
CDnet2014,lakeSide,5500,65,4691,7
CDnet2014,lakeSide,5500,66,4699,3
CDnet2014,lakeSide,5500,67,4720,1
CDnet2014,lakeSide,5500,68,4727,2
CDnet2014,lakeSide,5500,69,4731,2
CDnet2014,lakeSide,5500,70,4753,196
CDnet2014,lakeSide,5500,71,4950,349
CDnet2014,lakeSide,5500,72,5300,38
CDnet2014,lakeSide,5500,73,5339,1
CDnet2014,lakeSide,5500,74,5343,3
CDnet2014,lakeSide,5500,75,5348,8
CDnet2014,lakeSide,5500,76,5357,1
CDnet2014,lakeSide,5500,77,5365,2
CDnet2014,lakeSide,5500,78,5375,6
CDnet2014,lakeSide,5500,79,5382,1
CDnet2014,lakeSide,5500,80,5384,4
CDnet2014,lakeSide,5500,81,5389,2
CDnet2014,lakeSide,5500,82,5395,2
CDnet2014,lakeSide,5500,83,5401,3
CDnet2014,lakeSide,5500,84,5892,1
CDnet2014,lakeSide,5500,85,5897,1
CDnet2014,lakeSide,5500,86,5906,15
CDnet2014,lakeSide,5500,87,5922,1
CDnet2014,lakeSide,5500,88,5954,1
CDnet2014,lakeSide,5500,89,5956,1
CDnet2014,lakeSide,5500,90,5958,1
CDnet2014,lakeSide,5500,91,5968,1
CDnet2014,lakeSide,5500,92,5970,1
CDnet2014,lakeSide,5500,93,5972,5
CDnet2014,lakeSide,5500,94,5978,2
CDnet2014,lakeSide,5500,95,5981,2
CDnet2014,lakeSide,5500,96,6078,1
CDnet2014,lakeSide,5500,97,6089,1
CDnet2014,lakeSide,5500,98,6098,1
CDnet2014,lakeSide,5500,99,6170,4
CDnet2014,lakeSide,5500,100,6175,2
CDnet2014,lakeSide,5500,101,6178,2
CDnet2014,lakeSide,5500,102,6181,5
CDnet2014,lakeSide,5500,103,6187,8
CDnet2014,lakeSide,5500,104,6196,5
CDnet2014,lakeSide,5500,105,6205,2
CDnet2014,lakeSide,5500,106,6209,5
CDnet2014,lakeSide,5500,107,6224,7
CDnet2014,lakeSide,5500,108,6234,3
CDnet2014,lakeSide,5500,109,6238,1
CDnet2014,lakeSide,5500,110,6241,1
CDnet2014,lakeSide,5500,111,6243,2
CDnet2014,lakeSide,5500,112,6247,1
CDnet2014,lakeSide,5500,113,6251,2
CDnet2014,lakeSide,5500,114,6257,1
CDnet2014,lakeSide,5500,115,6260,2
CDnet2014,lakeSide,5500,116,6271,1
CDnet2014,lakeSide,5500,117,6285,1
CDnet2014,lakeSide,5500,118,6287,1
CDnet2014,lakeSide,5500,119,6294,5
CDnet2014,lakeSide,5500,120,6304,6
CDnet2014,lakeSide,5500,121,6311,6
CDnet2014,lakeSide,5500,122,6318,1
CDnet2014,lakeSide,5500,123,6320,1
CDnet2014,lakeSide,5500,124,6322,19
CDnet2014,lakeSide,5500,125,6344,1
CDnet2014,lakeSide,5500,126,6346,2
CDnet2014,lakeSide,5500,127,6349,1
CDnet2014,lakeSide,5500,128,6351,1
CDnet2014,lakeSide,5500,129,6408,2
CDnet2014,lakeSide,5500,130,6412,7
CDnet2014,lakeSide,5500,131,6420,4
CDnet2014,lakeSide,5500,132,6426,1
CDnet2014,lakeSide,5500,133,6432,1
CDnet2014,library,4300,0,862,2
CDnet2014,library,4300,1,867,3
CDnet2014,library,4300,2,871,3506
CDnet2014,library,4300,3,4378,2
CDnet2014,library,4300,4,4381,1
CDnet2014,library,4300,5,4383,92
CDnet2014,library,4300,6,4487,2
CDnet2014,library,4300,7,4498,1
CDnet2014,library,4300,8,4505,1
CDnet2014,library,4300,9,4511,1
CDnet2014,library,4300,10,4529,1
CDnet2014,library,4300,11,4531,1
CDnet2014,library,4300,12,4540,2
CDnet2014,library,4300,13,4550,1
CDnet2014,library,4300,14,4552,2
CDnet2014,library,4300,15,4561,1
CDnet2014,library,4300,16,4563,1
CDnet2014,library,4300,17,4570,1
CDnet2014,library,4300,18,4577,1
CDnet2014,library,4300,19,4582,1
CDnet2014,library,4300,20,4585,2
CDnet2014,library,4300,21,4602,1
CDnet2014,library,4300,22,4606,1
CDnet2014,library,4300,23,4613,1
CDnet2014,library,4300,24,4620,1
CDnet2014,library,4300,25,4622,2
CDnet2014,library,4300,26,4634,1
CDnet2014,library,4300,27,4638,1
CDnet2014,library,4300,28,4650,1
CDnet2014,library,4300,29,4656,1
CDnet2014,library,4300,30,4659,1
CDnet2014,library,4300,31,4662,1
CDnet2014,library,4300,32,4665,2
CDnet2014,library,4300,33,4669,1
CDnet2014,library,4300,34,4672,1
CDnet2014,library,4300,35,4681,2
CDnet2014,library,4300,36,4685,1
CDnet2014,library,4300,37,4688,1
CDnet2014,library,4300,38,4692,1
CDnet2014,library,4300,39,4695,2
CDnet2014,library,4300,40,4702,1
CDnet2014,library,4300,41,4713,1
CDnet2014,library,4300,42,4723,1
CDnet2014,library,4300,43,4725,1
CDnet2014,library,4300,44,4734,1
CDnet2014,library,4300,45,4737,1
CDnet2014,library,4300,46,4740,1
CDnet2014,library,4300,47,4743,1
CDnet2014,library,4300,48,4745,1
CDnet2014,library,4300,49,4749,1
CDnet2014,library,4300,50,4751,2
CDnet2014,library,4300,51,4757,1
CDnet2014,library,4300,52,4760,2
CDnet2014,library,4300,53,4765,2
CDnet2014,library,4300,54,4769,1
CDnet2014,library,4300,55,4771,2
CDnet2014,library,4300,56,4781,1
CDnet2014,library,4300,57,4784,1
CDnet2014,library,4300,58,4786,1
CDnet2014,library,4300,59,4791,1
CDnet2014,library,4300,60,4794,1
CDnet2014,library,4300,61,4798,1
CDnet2014,library,4300,62,4807,2
CDnet2014,library,4300,63,4811,2
CDnet2014,library,4300,64,4817,2
CDnet2014,library,4300,65,4830,1
CDnet2014,library,4300,66,4839,3
CDnet2014,library,4300,67,4843,1
CDnet2014,library,4300,68,4848,1
CDnet2014,library,4300,69,4850,3
CDnet2014,library,4300,70,4856,1
CDnet2014,library,4300,71,4858,1
CDnet2014,library,4300,72,4862,1
CDnet2014,library,4300,73,4867,1
CDnet2014,library,4300,74,4870,2
CDnet2014,library,4300,75,4874,2
CDnet2014,library,4300,76,4883,1
CDnet2014,library,4300,77,4885,2
CDnet2014,library,4300,78,4888,1
CDnet2014,library,4300,79,4893,1
CDnet2014,park,350,0,250,22
CDnet2014,park,350,1,273,2
CDnet2014,park,350,2,276,70
CDnet2014,park,350,3,348,3
CDnet2014,park,350,4,352,16
CDnet2014,park,350,5,369,1
CDnet2014,park,350,6,371,1
CDnet2014,park,350,7,373,2
CDnet2014,park,350,8,377,4
CDnet2014,park,350,9,384,1
CDnet2014,park,350,10,387,8
CDnet2014,park,350,11,396,1
CDnet2014,park,350,12,401,5
CDnet2014,park,350,13,408,1
CDnet2014,park,350,14,451,1
CDnet2014,park,350,15,464,3
CDnet2014,park,350,16,468,1
CDnet2014,park,350,17,475,2
CDnet2014,park,350,18,483,1
CDnet2014,park,350,19,485,9
CDnet2014,park,350,20,495,8
CDnet2014,park,350,21,504,58
CDnet2014,park,350,22,565,6
CDnet2014,turbulence0,4000,0,1000,1
CDnet2014,turbulence0,4000,1,1014,1
CDnet2014,turbulence0,4000,2,1024,1
CDnet2014,turbulence0,4000,3,1031,1
CDnet2014,turbulence0,4000,4,1050,1
CDnet2014,turbulence0,4000,5,1061,2
CDnet2014,turbulence0,4000,6,1077,1
CDnet2014,turbulence0,4000,7,1209,2
CDnet2014,turbulence0,4000,8,1296,1
CDnet2014,turbulence0,4000,9,1568,1
CDnet2014,turbulence0,4000,10,1623,2
CDnet2014,turbulence0,4000,11,1626,1
CDnet2014,turbulence0,4000,12,1628,2
CDnet2014,turbulence0,4000,13,1634,6
CDnet2014,turbulence0,4000,14,1642,5
CDnet2014,turbulence0,4000,15,1648,2
CDnet2014,turbulence0,4000,16,1651,2
CDnet2014,turbulence0,4000,17,1654,5
CDnet2014,turbulence0,4000,18,1660,1
CDnet2014,turbulence0,4000,19,1662,2
CDnet2014,turbulence0,4000,20,1666,5
CDnet2014,turbulence0,4000,21,1678,2
CDnet2014,turbulence0,4000,22,1681,6
CDnet2014,turbulence0,4000,23,1689,1
CDnet2014,turbulence0,4000,24,1693,2
CDnet2014,turbulence0,4000,25,1696,3
CDnet2014,turbulence0,4000,26,1700,1
CDnet2014,turbulence0,4000,27,1710,1
CDnet2014,turbulence0,4000,28,1714,2
CDnet2014,turbulence0,4000,29,1718,1
CDnet2014,turbulence0,4000,30,1720,3
CDnet2014,turbulence0,4000,31,1724,3
CDnet2014,turbulence0,4000,32,1728,3
CDnet2014,turbulence0,4000,33,1732,2
CDnet2014,turbulence0,4000,34,1735,1
CDnet2014,turbulence0,4000,35,1742,2
CDnet2014,turbulence0,4000,36,1745,1
CDnet2014,turbulence0,4000,37,1747,1
CDnet2014,turbulence0,4000,38,1749,1
CDnet2014,turbulence0,4000,39,1751,16
CDnet2014,turbulence0,4000,40,1768,12
CDnet2014,turbulence0,4000,41,1781,2
CDnet2014,turbulence0,4000,42,1784,8
CDnet2014,turbulence0,4000,43,1793,35
CDnet2014,turbulence0,4000,44,1829,28
CDnet2014,turbulence0,4000,45,1858,1
CDnet2014,turbulence0,4000,46,1860,7
CDnet2014,turbulence0,4000,47,1868,9
CDnet2014,turbulence0,4000,48,1879,2
CDnet2014,turbulence0,4000,49,1882,1
CDnet2014,turbulence0,4000,50,1885,1
CDnet2014,turbulence0,4000,51,1894,3
CDnet2014,turbulence0,4000,52,1909,1
CDnet2014,turbulence0,4000,53,1912,2
CDnet2014,turbulence0,4000,54,1915,1
CDnet2014,turbulence0,4000,55,1919,1
CDnet2014,turbulence0,4000,56,1922,1
CDnet2014,turbulence0,4000,57,1984,1
CDnet2014,turbulence0,4000,58,1986,1
CDnet2014,turbulence0,4000,59,1990,1
CDnet2014,turbulence0,4000,60,1993,1
CDnet2014,turbulence0,4000,61,2006,1
CDnet2014,turbulence0,4000,62,2041,2
CDnet2014,turbulence0,4000,63,2048,1
CDnet2014,turbulence0,4000,64,2109,1
CDnet2014,turbulence0,4000,65,2118,1
CDnet2014,turbulence0,4000,66,2160,1
CDnet2014,turbulence0,4000,67,2175,1
CDnet2014,turbulence0,4000,68,2206,2
CDnet2014,turbulence0,4000,69,2210,1
CDnet2014,turbulence0,4000,70,2213,1
CDnet2014,turbulence0,4000,71,2225,1
CDnet2014,turbulence0,4000,72,2248,1
CDnet2014,turbulence0,4000,73,2253,2
CDnet2014,turbulence0,4000,74,2259,1
CDnet2014,turbulence0,4000,75,2262,2
CDnet2014,turbulence0,4000,76,2270,2
CDnet2014,turbulence0,4000,77,2274,1
CDnet2014,turbulence0,4000,78,2281,1
CDnet2014,turbulence0,4000,79,2283,2
CDnet2014,turbulence0,4000,80,2286,1
CDnet2014,turbulence0,4000,81,2290,1
CDnet2014,turbulence0,4000,82,2298,4
CDnet2014,turbulence0,4000,83,2303,1
CDnet2014,turbulence0,4000,84,2308,3
CDnet2014,turbulence0,4000,85,2312,5
CDnet2014,turbulence0,4000,86,2318,5
CDnet2014,turbulence0,4000,87,2324,6
CDnet2014,turbulence0,4000,88,2331,5
CDnet2014,turbulence0,4000,89,2339,1
CDnet2014,turbulence0,4000,90,2341,1
CDnet2014,turbulence0,4000,91,2343,1
CDnet2014,turbulence0,4000,92,2347,1
CDnet2014,turbulence0,4000,93,2349,1
CDnet2014,turbulence0,4000,94,2351,1
CDnet2014,turbulence0,4000,95,2354,2
CDnet2014,turbulence0,4000,96,2357,2
CDnet2014,turbulence0,4000,97,2360,1
CDnet2014,turbulence0,4000,98,2364,6
CDnet2014,turbulence0,4000,99,2371,5
CDnet2014,turbulence0,4000,100,2377,3
CDnet2014,turbulence0,4000,101,2381,3
CDnet2014,turbulence0,4000,102,2389,4
CDnet2014,turbulence0,4000,103,2394,1
CDnet2014,turbulence0,4000,104,2396,1
CDnet2014,turbulence0,4000,105,2401,1
CDnet2014,turbulence0,4000,106,2403,3
CDnet2014,turbulence0,4000,107,2407,2
CDnet2014,turbulence0,4000,108,2412,5
CDnet2014,turbulence0,4000,109,2418,1
CDnet2014,turbulence0,4000,110,2422,1
CDnet2014,turbulence0,4000,111,2425,1
CDnet2014,turbulence0,4000,112,2428,9
CDnet2014,turbulence0,4000,113,2438,2
CDnet2014,turbulence0,4000,114,2442,3
CDnet2014,turbulence0,4000,115,2447,2
CDnet2014,turbulence0,4000,116,2451,1
CDnet2014,turbulence0,4000,117,2453,6
CDnet2014,turbulence0,4000,118,2460,20
CDnet2014,turbulence0,4000,119,2481,2
CDnet2014,turbulence0,4000,120,2488,2
CDnet2014,turbulence0,4000,121,2497,1
CDnet2014,turbulence0,4000,122,2499,1
CDnet2014,turbulence0,4000,123,2506,2
CDnet2014,turbulence0,4000,124,2535,1
CDnet2014,turbulence0,4000,125,2546,1
CDnet2014,turbulence0,4000,126,2558,1
CDnet2014,turbulence0,4000,127,2563,1
CDnet2014,turbulence0,4000,128,2567,1
CDnet2014,turbulence0,4000,129,2574,2
CDnet2014,turbulence0,4000,130,2588,1
CDnet2014,turbulence0,4000,131,2602,1
CDnet2014,turbulence0,4000,132,2693,1
CDnet2014,turbulence0,4000,133,2700,1
CDnet2014,turbulence0,4000,134,2712,1
CDnet2014,turbulence0,4000,135,2721,1
CDnet2014,turbulence0,4000,136,2808,1
CDnet2014,turbulence0,4000,137,2857,1
CDnet2014,turbulence0,4000,138,2901,1
CDnet2014,turbulence0,4000,139,2927,1
CDnet2014,turbulence0,4000,140,2950,1
CDnet2014,turbulence0,4000,141,2958,1
CDnet2014,turbulence0,4000,142,2967,1
CDnet2014,turbulence0,4000,143,2969,1
CDnet2014,turbulence0,4000,144,2975,1
CDnet2014,turbulence0,4000,145,2983,2
CDnet2014,turbulence0,4000,146,3089,1
CDnet2014,turbulence0,4000,147,3219,1
CDnet2014,turbulence0,4000,148,3228,1
CDnet2014,turbulence0,4000,149,3270,1
CDnet2014,turbulence0,4000,150,3357,1
CDnet2014,turbulence0,4000,151,3360,1
CDnet2014,turbulence0,4000,152,3388,1
CDnet2014,turbulence0,4000,153,3419,1
CDnet2014,turbulence0,4000,154,3426,1
CDnet2014,turbulence0,4000,155,3450,1
CDnet2014,turbulence0,4000,156,3480,1
CDnet2014,turbulence0,4000,157,3536,1
CDnet2014,turbulence0,4000,158,3624,1
CDnet2014,turbulence0,4000,159,3643,1
CDnet2014,turbulence0,4000,160,3650,2
CDnet2014,turbulence0,4000,161,3653,1
CDnet2014,turbulence0,4000,162,3658,1
CDnet2014,turbulence0,4000,163,3664,2
CDnet2014,turbulence0,4000,164,3670,1
CDnet2014,turbulence0,4000,165,3675,2
CDnet2014,turbulence0,4000,166,3681,3
CDnet2014,turbulence0,4000,167,3687,2
CDnet2014,turbulence0,4000,168,3701,1
CDnet2014,turbulence0,4000,169,3703,1
CDnet2014,turbulence0,4000,170,3712,1
CDnet2014,turbulence0,4000,171,3716,3
CDnet2014,turbulence0,4000,172,3720,2
CDnet2014,turbulence0,4000,173,3727,2
CDnet2014,turbulence0,4000,174,3738,1
CDnet2014,turbulence0,4000,175,3741,1
CDnet2014,turbulence0,4000,176,3748,1
CDnet2014,turbulence0,4000,177,3750,1
CDnet2014,turbulence0,4000,178,3752,2
CDnet2014,turbulence0,4000,179,3755,1
CDnet2014,turbulence0,4000,180,3757,1
CDnet2014,turbulence0,4000,181,3760,1
CDnet2014,turbulence0,4000,182,3763,4
CDnet2014,turbulence0,4000,183,3768,1
CDnet2014,turbulence0,4000,184,3776,1
CDnet2014,turbulence0,4000,185,3779,2
CDnet2014,turbulence0,4000,186,3784,1
CDnet2014,turbulence0,4000,187,3788,1
CDnet2014,turbulence0,4000,188,3791,2
CDnet2014,turbulence0,4000,189,3794,1
CDnet2014,turbulence0,4000,190,3803,1
CDnet2014,turbulence0,4000,191,3805,1
CDnet2014,turbulence0,4000,192,3813,1
CDnet2014,turbulence0,4000,193,3816,1
CDnet2014,turbulence0,4000,194,3826,2
CDnet2014,turbulence0,4000,195,3830,1
CDnet2014,turbulence0,4000,196,3833,1
CDnet2014,turbulence0,4000,197,3844,1
CDnet2014,turbulence0,4000,198,3942,1
CDnet2014,turbulence0,4000,199,4211,1
CDnet2014,turbulence0,4000,200,4689,1
CDnet2014,turbulence0,4000,201,4692,1
CDnet2014,turbulence0,4000,202,4695,1
CDnet2014,turbulence0,4000,203,4697,1
CDnet2014,turbulence0,4000,204,4699,10
CDnet2014,turbulence0,4000,205,4718,1
CDnet2014,turbulence0,4000,206,4720,2
CDnet2014,turbulence0,4000,207,4725,1
CDnet2014,turbulence0,4000,208,4727,5
CDnet2014,turbulence0,4000,209,4733,1
CDnet2014,turbulence0,4000,210,4738,1
CDnet2014,turbulence0,4000,211,4742,3
CDnet2014,turbulence0,4000,212,4746,3
CDnet2014,turbulence0,4000,213,4750,1
CDnet2014,turbulence0,4000,214,4753,1
CDnet2014,turbulence0,4000,215,4755,2
CDnet2014,turbulence0,4000,216,4758,2
CDnet2014,turbulence0,4000,217,4761,1
CDnet2014,turbulence0,4000,218,4763,4
CDnet2014,turbulence0,4000,219,4768,1
CDnet2014,turbulence0,4000,220,4770,53
CDnet2014,turbulence0,4000,221,4824,13
CDnet2014,turbulence0,4000,222,4840,4
CDnet2014,turbulence0,4000,223,4847,2
CDnet2014,turbulence0,4000,224,4850,2
CDnet2014,turbulence0,4000,225,4854,2
CDnet2014,turbulence0,4000,226,4859,1
CDnet2014,turbulence0,4000,227,4861,1
CDnet2014,turbulence0,4000,228,4863,1
CDnet2014,turbulence0,4000,229,4866,11
CDnet2014,turbulence0,4000,230,4878,1
CDnet2014,turbulence0,4000,231,4882,1
CDnet2014,turbulence0,4000,232,4884,2
CDnet2014,turbulence0,4000,233,4887,1
CDnet2014,turbulence0,4000,234,4893,2
CDnet2014,turbulence0,4000,235,4896,1
CDnet2014,turbulence0,4000,236,4898,2
CDnet2014,turbulence0,4000,237,4901,4
CDnet2014,turbulence0,4000,238,4907,1
CDnet2014,turbulence0,4000,239,4909,1
CDnet2014,turbulence0,4000,240,4916,1
CDnet2014,turbulence1,2800,0,1234,1
CDnet2014,turbulence1,2800,1,1239,1
CDnet2014,turbulence1,2800,2,1305,1
CDnet2014,turbulence1,2800,3,1328,2
CDnet2014,turbulence1,2800,4,1350,1
CDnet2014,turbulence1,2800,5,1543,1
CDnet2014,turbulence1,2800,6,1600,4
CDnet2014,turbulence1,2800,7,1605,1
CDnet2014,turbulence1,2800,8,1608,1
CDnet2014,turbulence1,2800,9,1612,1
CDnet2014,turbulence1,2800,10,1618,1
CDnet2014,turbulence1,2800,11,1621,1
CDnet2014,turbulence1,2800,12,1627,1
CDnet2014,turbulence1,2800,13,1631,1
CDnet2014,turbulence1,2800,14,1659,2
CDnet2014,turbulence1,2800,15,1664,1
CDnet2014,turbulence1,2800,16,1666,1
CDnet2014,turbulence1,2800,17,1669,1
CDnet2014,turbulence1,2800,18,1671,2
CDnet2014,turbulence1,2800,19,1677,1
CDnet2014,turbulence1,2800,20,1688,2
CDnet2014,turbulence1,2800,21,1697,3
CDnet2014,turbulence1,2800,22,1703,1
CDnet2014,turbulence1,2800,23,1711,1
CDnet2014,turbulence1,2800,24,1721,1
CDnet2014,turbulence1,2800,25,1733,2
CDnet2014,turbulence1,2800,26,1739,1
CDnet2014,turbulence1,2800,27,1743,1
CDnet2014,turbulence1,2800,28,1745,2
CDnet2014,turbulence1,2800,29,1749,4
CDnet2014,turbulence1,2800,30,1760,1
CDnet2014,turbulence1,2800,31,1762,1
CDnet2014,turbulence1,2800,32,1765,1
CDnet2014,turbulence1,2800,33,1769,1
CDnet2014,turbulence1,2800,34,1773,3
CDnet2014,turbulence1,2800,35,1781,1
CDnet2014,turbulence1,2800,36,1787,3
CDnet2014,turbulence1,2800,37,1793,1
CDnet2014,turbulence1,2800,38,1795,1
CDnet2014,turbulence1,2800,39,1807,1
CDnet2014,turbulence1,2800,40,1829,1
CDnet2014,turbulence1,2800,41,1838,1
CDnet2014,turbulence1,2800,42,1845,1
CDnet2014,turbulence1,2800,43,1862,1
CDnet2014,turbulence1,2800,44,1865,1
CDnet2014,turbulence1,2800,45,1874,1
CDnet2014,turbulence1,2800,46,1915,1
CDnet2014,turbulence1,2800,47,1934,1
CDnet2014,turbulence1,2800,48,1937,1
CDnet2014,turbulence1,2800,49,1979,1
CDnet2014,turbulence1,2800,50,2036,1
CDnet2014,turbulence1,2800,51,2142,1
CDnet2014,turbulence1,2800,52,2148,1
CDnet2014,turbulence1,2800,53,2153,1
CDnet2014,turbulence1,2800,54,2159,2
CDnet2014,turbulence1,2800,55,2163,2
CDnet2014,turbulence1,2800,56,2167,1
CDnet2014,turbulence1,2800,57,2170,1
CDnet2014,turbulence1,2800,58,2172,1
CDnet2014,turbulence1,2800,59,2179,1
CDnet2014,turbulence1,2800,60,2182,1
CDnet2014,turbulence1,2800,61,2228,1
CDnet2014,turbulence1,2800,62,2238,1
CDnet2014,turbulence1,2800,63,2246,2
CDnet2014,turbulence1,2800,64,2255,1
CDnet2014,turbulence1,2800,65,2260,1
CDnet2014,turbulence1,2800,66,2269,1
CDnet2014,turbulence1,2800,67,2283,1
CDnet2014,turbulence1,2800,68,2287,1
CDnet2014,turbulence1,2800,69,2289,1
CDnet2014,turbulence1,2800,70,2292,1
CDnet2014,turbulence1,2800,71,2294,1
CDnet2014,turbulence1,2800,72,2314,1
CDnet2014,turbulence1,2800,73,2337,1
CDnet2014,turbulence1,2800,74,2340,2
CDnet2014,turbulence1,2800,75,2345,1
CDnet2014,turbulence1,2800,76,2353,1
CDnet2014,turbulence1,2800,77,2356,2
CDnet2014,turbulence1,2800,78,2360,4
CDnet2014,turbulence1,2800,79,2367,1
CDnet2014,turbulence1,2800,80,2369,1
CDnet2014,turbulence1,2800,81,2374,2
CDnet2014,turbulence1,2800,82,2378,3
CDnet2014,turbulence1,2800,83,2384,1
CDnet2014,turbulence1,2800,84,2386,1
CDnet2014,turbulence1,2800,85,2394,1
CDnet2014,turbulence1,2800,86,2397,1
CDnet2014,turbulence1,2800,87,2401,1
CDnet2014,turbulence1,2800,88,2417,1
CDnet2014,turbulence1,2800,89,2422,1
CDnet2014,turbulence1,2800,90,2426,1
CDnet2014,turbulence1,2800,91,2430,2
CDnet2014,turbulence1,2800,92,2440,2
CDnet2014,turbulence1,2800,93,2444,1
CDnet2014,turbulence1,2800,94,2448,1
CDnet2014,turbulence1,2800,95,2452,2
CDnet2014,turbulence1,2800,96,2573,1
CDnet2014,turbulence1,2800,97,2865,1
CDnet2014,turbulence1,2800,98,2869,1
CDnet2014,turbulence1,2800,99,3040,1
CDnet2014,turbulence1,2800,100,3066,1
CDnet2014,turbulence1,2800,101,3116,1
CDnet2014,turbulence1,2800,102,3136,1
CDnet2014,turbulence1,2800,103,3234,1
CDnet2014,turbulence1,2800,104,3697,1
CDnet2014,turbulence1,2800,105,3808,1
CDnet2014,turbulence1,2800,106,3880,2
CDnet2014,turbulence2,4000,0,895,1
CDnet2014,turbulence2,4000,1,920,2
CDnet2014,turbulence2,4000,2,993,1
CDnet2014,turbulence2,4000,3,1038,1
CDnet2014,turbulence2,4000,4,1112,1
CDnet2014,turbulence2,4000,5,1167,1
CDnet2014,turbulence2,4000,6,1170,1
CDnet2014,turbulence2,4000,7,1189,1
CDnet2014,turbulence2,4000,8,1252,1
CDnet2014,turbulence2,4000,9,1324,1
CDnet2014,turbulence2,4000,10,1392,1
CDnet2014,turbulence2,4000,11,1427,1
CDnet2014,turbulence2,4000,12,1454,2
CDnet2014,turbulence2,4000,13,1693,1
CDnet2014,turbulence2,4000,14,2066,1
CDnet2014,turbulence2,4000,15,2118,1
CDnet2014,turbulence2,4000,16,2600,1
CDnet2014,turbulence2,4000,17,2625,1
CDnet2014,turbulence2,4000,18,3089,1
CDnet2014,turbulence2,4000,19,3183,1
CDnet2014,turbulence2,4000,20,3226,1
CDnet2014,turbulence2,4000,21,3417,1
CDnet2014,turbulence2,4000,22,3624,1
CDnet2014,turbulence2,4000,23,3653,1
CDnet2014,turbulence2,4000,24,3673,1
CDnet2014,turbulence2,4000,25,3675,7
CDnet2014,turbulence2,4000,26,3741,1
CDnet2014,turbulence2,4000,27,3804,1
CDnet2014,turbulence2,4000,28,4330,1
CDnet2014,turbulence2,4000,29,4404,1
CDnet2014,turbulence2,4000,30,4413,1
CDnet2014,turbulence2,4000,31,4476,2
CDnet2014,turbulence3,1400,0,919,1
CDnet2014,turbulence3,1400,1,925,1
CDnet2014,turbulence3,1400,2,928,1
CDnet2014,turbulence3,1400,3,930,1
CDnet2014,turbulence3,1400,4,933,5
CDnet2014,turbulence3,1400,5,948,2
CDnet2014,turbulence3,1400,6,970,1
CDnet2014,turbulence3,1400,7,973,2
CDnet2014,turbulence3,1400,8,992,2
CDnet2014,turbulence3,1400,9,996,2
CDnet2014,turbulence3,1400,10,1004,1
CDnet2014,turbulence3,1400,11,1107,1
CDnet2014,turbulence3,1400,12,1132,1
CDnet2014,turbulence3,1400,13,1135,2
CDnet2014,turbulence3,1400,14,1140,1
CDnet2014,turbulence3,1400,15,1142,3
CDnet2014,turbulence3,1400,16,1146,1
CDnet2014,turbulence3,1400,17,1148,2
CDnet2014,turbulence3,1400,18,1151,1
CDnet2014,turbulence3,1400,19,1153,1
CDnet2014,turbulence3,1400,20,1155,7
CDnet2014,turbulence3,1400,21,1163,5
CDnet2014,turbulence3,1400,22,1169,2
CDnet2014,turbulence3,1400,23,1172,2
CDnet2014,turbulence3,1400,24,1175,2
CDnet2014,turbulence3,1400,25,1199,2
CDnet2014,turbulence3,1400,26,1249,1
CDnet2014,turbulence3,1400,27,1255,1
CDnet2014,turbulence3,1400,28,1257,1
CDnet2014,turbulence3,1400,29,1259,2
CDnet2014,turbulence3,1400,30,1262,1
CDnet2014,turbulence3,1400,31,1266,1
CDnet2014,turbulence3,1400,32,1286,1
CDnet2014,turbulence3,1400,33,1289,1
CDnet2014,turbulence3,1400,34,1291,2
CDnet2014,turbulence3,1400,35,1331,1
CDnet2014,turbulence3,1400,36,1339,1
CDnet2014,turbulence3,1400,37,1342,36
CDnet2014,turbulence3,1400,38,1379,4
CDnet2014,turbulence3,1400,39,1386,1
CDnet2014,turbulence3,1400,40,1389,1
CDnet2014,turbulence3,1400,41,1470,1
CDnet2014,turbulence3,1400,42,1548,1
CDnet2014,turbulence3,1400,43,1571,1
CDnet2014,turbulence3,1400,44,1592,2
CDnet2014,turbulence3,1400,45,1609,1
CDnet2014,turbulence3,1400,46,1625,1
CDnet2014,turbulence3,1400,47,1627,1
CDnet2014,turbulence3,1400,48,1843,1
CDnet2014,turbulence3,1400,49,1964,1
CDnet2014,turbulence3,1400,50,1971,1
CDnet2014,turbulence3,1400,51,1982,1
CDnet2014,turbulence3,1400,52,1987,1
CDnet2014,turbulence3,1400,53,1996,2
CDnet2014,turbulence3,1400,54,2067,1
CDnet2014,turbulence3,1400,55,2076,1
CDnet2014,turbulence3,1400,56,2129,4
CDnet2014,turbulence3,1400,57,2136,4
CDnet2014,turbulence3,1400,58,2141,3
CDnet2014,turbulence3,1400,59,2145,2
CDnet2014,turbulence3,1400,60,2149,3
CDnet2014,turbulence3,1400,61,2153,4
CDnet2014,turbulence3,1400,62,2160,1
CDnet2014,turbulence3,1400,63,2169,1
CDnet2014,turbulence3,1400,64,2196,1
CDnet2014,turbulence3,1400,65,2198,2
LASIESTA,I_BS_01,275,0,0,84
LASIESTA,I_BS_01,275,1,89,1
LASIESTA,I_BS_01,275,2,100,1
LASIESTA,I_BS_01,275,3,111,2
LASIESTA,I_BS_01,275,4,123,1
LASIESTA,I_BS_01,275,5,134,1
LASIESTA,I_BS_01,275,6,145,1
LASIESTA,I_BS_01,275,7,156,1
LASIESTA,I_BS_01,275,8,167,1
LASIESTA,I_BS_01,275,9,178,1
LASIESTA,I_BS_01,275,10,189,1
LASIESTA,I_BS_01,275,11,196,79
LASIESTA,I_BS_02,275,0,0,68
LASIESTA,I_BS_02,275,1,69,1
LASIESTA,I_BS_02,275,2,78,1
LASIESTA,I_BS_02,275,3,89,1
LASIESTA,I_BS_02,275,4,100,1
LASIESTA,I_BS_02,275,5,111,2
LASIESTA,I_BS_02,275,6,123,1
LASIESTA,I_BS_02,275,7,134,1
LASIESTA,I_BS_02,275,8,145,1
LASIESTA,I_BS_02,275,9,156,1
LASIESTA,I_BS_02,275,10,167,1
LASIESTA,I_BS_02,275,11,178,1
LASIESTA,I_BS_02,275,12,189,1
LASIESTA,I_BS_02,275,13,196,70
LASIESTA,I_BS_02,275,14,267,8
LASIESTA,I_CA_01,350,0,0,350
LASIESTA,I_CA_02,525,0,0,525
LASIESTA,I_IL_01,300,0,2,10
LASIESTA,I_IL_01,300,1,13,10
LASIESTA,I_IL_01,300,2,24,10
LASIESTA,I_IL_01,300,3,35,10
LASIESTA,I_IL_01,300,4,46,10
LASIESTA,I_IL_01,300,5,57,10
LASIESTA,I_IL_01,300,6,68,10
LASIESTA,I_IL_01,300,7,79,10
LASIESTA,I_IL_01,300,8,90,10
LASIESTA,I_IL_01,300,9,101,4
LASIESTA,I_IL_01,300,10,117,1
LASIESTA,I_IL_01,300,11,126,5
LASIESTA,I_IL_01,300,12,133,1
LASIESTA,I_IL_01,300,13,135,1
LASIESTA,I_IL_01,300,14,138,2
LASIESTA,I_IL_01,300,15,141,1
LASIESTA,I_IL_01,300,16,149,2
LASIESTA,I_IL_01,300,17,152,1
LASIESTA,I_IL_01,300,18,154,2
LASIESTA,I_IL_01,300,19,158,1
LASIESTA,I_IL_01,300,20,168,1
LASIESTA,I_IL_01,300,21,171,1
LASIESTA,I_IL_01,300,22,182,1
LASIESTA,I_IL_01,300,23,185,1
LASIESTA,I_IL_01,300,24,188,1
LASIESTA,I_IL_01,300,25,190,3
LASIESTA,I_IL_01,300,26,194,4
LASIESTA,I_IL_01,300,27,199,1
LASIESTA,I_IL_01,300,28,201,1
LASIESTA,I_IL_01,300,29,205,2
LASIESTA,I_IL_01,300,30,215,1
LASIESTA,I_IL_01,300,31,219,3
LASIESTA,I_IL_01,300,32,224,1
LASIESTA,I_IL_01,300,33,299,1
LASIESTA,I_IL_02,525,0,0,525
LASIESTA,I_MB_01,450,0,0,450
LASIESTA,I_MB_02,350,0,0,227
LASIESTA,I_MB_02,350,1,234,1
LASIESTA,I_MB_02,350,2,245,1
LASIESTA,I_MB_02,350,3,256,1
LASIESTA,I_MB_02,350,4,267,1
LASIESTA,I_MB_02,350,5,278,1
LASIESTA,I_MB_02,350,6,280,70
LASIESTA,I_MC_01,300,0,13,1
LASIESTA,I_MC_01,300,1,15,1
LASIESTA,I_MC_01,300,2,49,7
LASIESTA,I_MC_01,300,3,57,10
LASIESTA,I_MC_01,300,4,68,10
LASIESTA,I_MC_01,300,5,79,10
LASIESTA,I_MC_01,300,6,90,10
LASIESTA,I_MC_01,300,7,101,10
LASIESTA,I_MC_01,300,8,113,10
LASIESTA,I_MC_01,300,9,124,10
LASIESTA,I_MC_01,300,10,135,10
LASIESTA,I_MC_01,300,11,146,10
LASIESTA,I_MC_01,300,12,157,10
LASIESTA,I_MC_01,300,13,168,10
LASIESTA,I_MC_01,300,14,179,7
LASIESTA,I_MC_01,300,15,204,1
LASIESTA,I_MC_01,300,16,222,1
LASIESTA,I_MC_02,250,0,0,250
LASIESTA,I_OC_01,250,0,2,10
LASIESTA,I_OC_01,250,1,13,10
LASIESTA,I_OC_01,250,2,24,10
LASIESTA,I_OC_01,250,3,35,10
LASIESTA,I_OC_01,250,4,46,10
LASIESTA,I_OC_01,250,5,57,10
LASIESTA,I_OC_01,250,6,68,7
LASIESTA,I_OC_01,250,7,104,7
LASIESTA,I_OC_01,250,8,113,10
LASIESTA,I_OC_01,250,9,124,10
LASIESTA,I_OC_01,250,10,135,9
LASIESTA,I_OC_01,250,11,146,1
LASIESTA,I_OC_01,250,12,244,6
LASIESTA,I_OC_02,250,0,2,10
LASIESTA,I_OC_02,250,1,13,10
LASIESTA,I_OC_02,250,2,24,10
LASIESTA,I_OC_02,250,3,35,7
LASIESTA,I_OC_02,250,4,69,9
LASIESTA,I_OC_02,250,5,79,10
LASIESTA,I_OC_02,250,6,90,10
LASIESTA,I_OC_02,250,7,101,10
LASIESTA,I_OC_02,250,8,113,10
LASIESTA,I_OC_02,250,9,124,10
LASIESTA,I_OC_02,250,10,135,10
LASIESTA,I_OC_02,250,11,146,10
LASIESTA,I_OC_02,250,12,157,10
LASIESTA,I_OC_02,250,13,237,2
LASIESTA,I_OC_02,250,14,240,10
LASIESTA,I_SI_01,300,0,0,59
LASIESTA,I_SI_01,300,1,61,159
LASIESTA,I_SI_01,300,2,221,79
LASIESTA,I_SI_02,300,0,2,10
LASIESTA,I_SI_02,300,1,13,10
LASIESTA,I_SI_02,300,2,24,10
LASIESTA,I_SI_02,300,3,35,10
LASIESTA,I_SI_02,300,4,46,10
LASIESTA,I_SI_02,300,5,57,10
LASIESTA,I_SI_02,300,6,68,10
LASIESTA,I_SI_02,300,7,79,10
LASIESTA,I_SI_02,300,8,90,10
LASIESTA,I_SI_02,300,9,101,10
LASIESTA,I_SI_02,300,10,113,10
LASIESTA,I_SI_02,300,11,124,10
LASIESTA,I_SI_02,300,12,135,10
LASIESTA,I_SI_02,300,13,146,10
LASIESTA,I_SI_02,300,14,157,10
LASIESTA,I_SI_02,300,15,168,10
LASIESTA,I_SI_02,300,16,179,10
LASIESTA,I_SI_02,300,17,190,9
LASIESTA,I_SI_02,300,18,280,9
LASIESTA,I_SI_02,300,19,290,10
LASIESTA,I_SM_01,300,0,2,10
LASIESTA,I_SM_01,300,1,13,10
LASIESTA,I_SM_01,300,2,50,6
LASIESTA,I_SM_01,300,3,57,10
LASIESTA,I_SM_01,300,4,68,10
LASIESTA,I_SM_01,300,5,79,10
LASIESTA,I_SM_01,300,6,90,10
LASIESTA,I_SM_01,300,7,101,8
LASIESTA,I_SM_01,300,8,114,1
LASIESTA,I_SM_01,300,9,161,6
LASIESTA,I_SM_01,300,10,168,10
LASIESTA,I_SM_01,300,11,179,10
LASIESTA,I_SM_01,300,12,190,10
LASIESTA,I_SM_01,300,13,201,10
LASIESTA,I_SM_01,300,14,212,10
LASIESTA,I_SM_01,300,15,224,1
LASIESTA,I_SM_01,300,16,249,7
LASIESTA,I_SM_01,300,17,257,10
LASIESTA,I_SM_01,300,18,268,10
LASIESTA,I_SM_01,300,19,279,10
LASIESTA,I_SM_01,300,20,290,10
LASIESTA,I_SM_02,300,0,2,10
LASIESTA,I_SM_02,300,1,13,10
LASIESTA,I_SM_02,300,2,24,8
LASIESTA,I_SM_02,300,3,42,1
LASIESTA,I_SM_02,300,4,54,2
LASIESTA,I_SM_02,300,5,57,10
LASIESTA,I_SM_02,300,6,68,10
LASIESTA,I_SM_02,300,7,79,10
LASIESTA,I_SM_02,300,8,90,10
LASIESTA,I_SM_02,300,9,101,10
LASIESTA,I_SM_02,300,10,113,10
LASIESTA,I_SM_02,300,11,124,10
LASIESTA,I_SM_02,300,12,135,10
LASIESTA,I_SM_02,300,13,146,10
LASIESTA,I_SM_02,300,14,157,10
LASIESTA,I_SM_02,300,15,168,10
LASIESTA,I_SM_02,300,16,179,10
LASIESTA,I_SM_02,300,17,190,10
LASIESTA,I_SM_02,300,18,201,10
LASIESTA,I_SM_02,300,19,212,10
LASIESTA,I_SM_02,300,20,224,1
LASIESTA,I_SM_02,300,21,249,7
LASIESTA,I_SM_02,300,22,257,10
LASIESTA,I_SM_02,300,23,268,10
LASIESTA,I_SM_02,300,24,279,10
LASIESTA,I_SM_02,300,25,290,10
LASIESTA,I_SM_03,300,0,2,10
LASIESTA,I_SM_03,300,1,13,10
LASIESTA,I_SM_03,300,2,24,10
LASIESTA,I_SM_03,300,3,35,4
LASIESTA,I_SM_03,300,4,53,1
LASIESTA,I_SM_03,300,5,58,9
LASIESTA,I_SM_03,300,6,68,10
LASIESTA,I_SM_03,300,7,79,10
LASIESTA,I_SM_03,300,8,90,10
LASIESTA,I_SM_03,300,9,101,10
LASIESTA,I_SM_03,300,10,113,10
LASIESTA,I_SM_03,300,11,124,10
LASIESTA,I_SM_03,300,12,135,10
LASIESTA,I_SM_03,300,13,146,10
LASIESTA,I_SM_03,300,14,157,10
LASIESTA,I_SM_03,300,15,168,10
LASIESTA,I_SM_03,300,16,179,10
LASIESTA,I_SM_03,300,17,190,10
LASIESTA,I_SM_03,300,18,201,10
LASIESTA,I_SM_03,300,19,212,10
LASIESTA,I_SM_03,300,20,224,1
LASIESTA,I_SM_03,300,21,249,7
LASIESTA,I_SM_03,300,22,257,10
LASIESTA,I_SM_03,300,23,268,10
LASIESTA,I_SM_03,300,24,279,10
LASIESTA,I_SM_03,300,25,290,10
LASIESTA,I_SM_04,300,0,0,1
LASIESTA,I_SM_04,300,1,2,33
LASIESTA,I_SM_04,300,2,36,1
LASIESTA,I_SM_04,300,3,39,2
LASIESTA,I_SM_04,300,4,42,2
LASIESTA,I_SM_04,300,5,45,1
LASIESTA,I_SM_04,300,6,47,8
LASIESTA,I_SM_04,300,7,56,2
LASIESTA,I_SM_04,300,8,59,69
LASIESTA,I_SM_04,300,9,129,1
LASIESTA,I_SM_04,300,10,132,4
LASIESTA,I_SM_04,300,11,137,4
LASIESTA,I_SM_04,300,12,142,3
LASIESTA,I_SM_04,300,13,147,73
LASIESTA,I_SM_04,300,14,221,9
LASIESTA,I_SM_04,300,15,231,2
LASIESTA,I_SM_04,300,16,234,28
LASIESTA,I_SM_04,300,17,263,37
LASIESTA,I_SM_05,300,0,0,1
LASIESTA,I_SM_05,300,1,2,31
LASIESTA,I_SM_05,300,2,34,1
LASIESTA,I_SM_05,300,3,36,1
LASIESTA,I_SM_05,300,4,40,2
LASIESTA,I_SM_05,300,5,47,1
LASIESTA,I_SM_05,300,6,50,1
LASIESTA,I_SM_05,300,7,52,1
LASIESTA,I_SM_05,300,8,54,2
LASIESTA,I_SM_05,300,9,59,19
LASIESTA,I_SM_05,300,10,79,39
LASIESTA,I_SM_05,300,11,120,4
LASIESTA,I_SM_05,300,12,125,2
LASIESTA,I_SM_05,300,13,129,1
LASIESTA,I_SM_05,300,14,131,2
LASIESTA,I_SM_05,300,15,134,2
LASIESTA,I_SM_05,300,16,137,2
LASIESTA,I_SM_05,300,17,140,3
LASIESTA,I_SM_05,300,18,144,2
LASIESTA,I_SM_05,300,19,149,2
LASIESTA,I_SM_05,300,20,153,2
LASIESTA,I_SM_05,300,21,156,1
LASIESTA,I_SM_05,300,22,158,1
LASIESTA,I_SM_05,300,23,161,17
LASIESTA,I_SM_05,300,24,179,10
LASIESTA,I_SM_05,300,25,190,10
LASIESTA,I_SM_05,300,26,201,20
LASIESTA,I_SM_05,300,27,222,7
LASIESTA,I_SM_05,300,28,230,2
LASIESTA,I_SM_05,300,29,233,2
LASIESTA,I_SM_05,300,30,236,1
LASIESTA,I_SM_05,300,31,240,7
LASIESTA,I_SM_05,300,32,248,1
LASIESTA,I_SM_05,300,33,251,3
LASIESTA,I_SM_05,300,34,256,12
LASIESTA,I_SM_05,300,35,270,8
LASIESTA,I_SM_05,300,36,279,10
LASIESTA,I_SM_05,300,37,290,10
LASIESTA,I_SM_06,300,0,2,10
LASIESTA,I_SM_06,300,1,13,10
LASIESTA,I_SM_06,300,2,24,9
LASIESTA,I_SM_06,300,3,39,1
LASIESTA,I_SM_06,300,4,41,1
LASIESTA,I_SM_06,300,5,48,1
LASIESTA,I_SM_06,300,6,50,7
LASIESTA,I_SM_06,300,7,59,30
LASIESTA,I_SM_06,300,8,90,21
LASIESTA,I_SM_06,300,9,112,6
LASIESTA,I_SM_06,300,10,119,1
LASIESTA,I_SM_06,300,11,121,3
LASIESTA,I_SM_06,300,12,125,1
LASIESTA,I_SM_06,300,13,128,1
LASIESTA,I_SM_06,300,14,134,3
LASIESTA,I_SM_06,300,15,138,1
LASIESTA,I_SM_06,300,16,144,1
LASIESTA,I_SM_06,300,17,150,3
LASIESTA,I_SM_06,300,18,154,2
LASIESTA,I_SM_06,300,19,161,2
LASIESTA,I_SM_06,300,20,164,14
LASIESTA,I_SM_06,300,21,179,41
LASIESTA,I_SM_06,300,22,221,1
LASIESTA,I_SM_06,300,23,224,1
LASIESTA,I_SM_06,300,24,230,5
LASIESTA,I_SM_06,300,25,236,1
LASIESTA,I_SM_06,300,26,240,1
LASIESTA,I_SM_06,300,27,242,5
LASIESTA,I_SM_06,300,28,248,1
LASIESTA,I_SM_06,300,29,250,1
LASIESTA,I_SM_06,300,30,257,1
LASIESTA,I_SM_06,300,31,260,4
LASIESTA,I_SM_06,300,32,266,23
LASIESTA,I_SM_06,300,33,290,10
LASIESTA,I_SM_07,300,0,1,22
LASIESTA,I_SM_07,300,1,24,10
LASIESTA,I_SM_07,300,2,37,5
LASIESTA,I_SM_07,300,3,45,2
LASIESTA,I_SM_07,300,4,48,1
LASIESTA,I_SM_07,300,5,50,4
LASIESTA,I_SM_07,300,6,55,1
LASIESTA,I_SM_07,300,7,57,21
LASIESTA,I_SM_07,300,8,79,33
LASIESTA,I_SM_07,300,9,113,6
LASIESTA,I_SM_07,300,10,121,1
LASIESTA,I_SM_07,300,11,125,5
LASIESTA,I_SM_07,300,12,131,2
LASIESTA,I_SM_07,300,13,134,1
LASIESTA,I_SM_07,300,14,137,1
LASIESTA,I_SM_07,300,15,139,1
LASIESTA,I_SM_07,300,16,141,2
LASIESTA,I_SM_07,300,17,144,2
LASIESTA,I_SM_07,300,18,147,2
LASIESTA,I_SM_07,300,19,151,2
LASIESTA,I_SM_07,300,20,159,8
LASIESTA,I_SM_07,300,21,168,10
LASIESTA,I_SM_07,300,22,179,21
LASIESTA,I_SM_07,300,23,201,10
LASIESTA,I_SM_07,300,24,212,8
LASIESTA,I_SM_07,300,25,221,2
LASIESTA,I_SM_07,300,26,224,2
LASIESTA,I_SM_07,300,27,231,6
LASIESTA,I_SM_07,300,28,239,3
LASIESTA,I_SM_07,300,29,243,4
LASIESTA,I_SM_07,300,30,253,4
LASIESTA,I_SM_07,300,31,258,1
LASIESTA,I_SM_07,300,32,262,1
LASIESTA,I_SM_07,300,33,264,2
LASIESTA,I_SM_07,300,34,267,4
LASIESTA,I_SM_07,300,35,272,28
LASIESTA,I_SM_08,300,0,1,11
LASIESTA,I_SM_08,300,1,13,10
LASIESTA,I_SM_08,300,2,24,9
LASIESTA,I_SM_08,300,3,36,2
LASIESTA,I_SM_08,300,4,43,1
LASIESTA,I_SM_08,300,5,48,1
LASIESTA,I_SM_08,300,6,56,1
LASIESTA,I_SM_08,300,7,59,8
LASIESTA,I_SM_08,300,8,68,21
LASIESTA,I_SM_08,300,9,90,26
LASIESTA,I_SM_08,300,10,120,2
LASIESTA,I_SM_08,300,11,123,4
LASIESTA,I_SM_08,300,12,128,3
LASIESTA,I_SM_08,300,13,134,1
LASIESTA,I_SM_08,300,14,136,1
LASIESTA,I_SM_08,300,15,139,1
LASIESTA,I_SM_08,300,16,142,1
LASIESTA,I_SM_08,300,17,144,3
LASIESTA,I_SM_08,300,18,149,2
LASIESTA,I_SM_08,300,19,152,1
LASIESTA,I_SM_08,300,20,157,1
LASIESTA,I_SM_08,300,21,159,1
LASIESTA,I_SM_08,300,22,163,37
LASIESTA,I_SM_08,300,23,201,20
LASIESTA,I_SM_08,300,24,228,1
LASIESTA,I_SM_08,300,25,236,1
LASIESTA,I_SM_08,300,26,238,1
LASIESTA,I_SM_08,300,27,240,1
LASIESTA,I_SM_08,300,28,248,1
LASIESTA,I_SM_08,300,29,251,2
LASIESTA,I_SM_08,300,30,261,7
LASIESTA,I_SM_08,300,31,273,27
LASIESTA,I_SM_09,300,0,0,12
LASIESTA,I_SM_09,300,1,13,10
LASIESTA,I_SM_09,300,2,24,8
LASIESTA,I_SM_09,300,3,34,1
LASIESTA,I_SM_09,300,4,39,2
LASIESTA,I_SM_09,300,5,45,2
LASIESTA,I_SM_09,300,6,49,2
LASIESTA,I_SM_09,300,7,53,1
LASIESTA,I_SM_09,300,8,56,1
LASIESTA,I_SM_09,300,9,59,8
LASIESTA,I_SM_09,300,10,68,10
LASIESTA,I_SM_09,300,11,79,33
LASIESTA,I_SM_09,300,12,113,6
LASIESTA,I_SM_09,300,13,120,1
LASIESTA,I_SM_09,300,14,122,1
LASIESTA,I_SM_09,300,15,125,1
LASIESTA,I_SM_09,300,16,127,1
LASIESTA,I_SM_09,300,17,129,1
LASIESTA,I_SM_09,300,18,131,3
LASIESTA,I_SM_09,300,19,138,1
LASIESTA,I_SM_09,300,20,148,2
LASIESTA,I_SM_09,300,21,153,2
LASIESTA,I_SM_09,300,22,158,1
LASIESTA,I_SM_09,300,23,161,6
LASIESTA,I_SM_09,300,24,168,10
LASIESTA,I_SM_09,300,25,179,10
LASIESTA,I_SM_09,300,26,190,10
LASIESTA,I_SM_09,300,27,201,10
LASIESTA,I_SM_09,300,28,212,12
LASIESTA,I_SM_09,300,29,226,1
LASIESTA,I_SM_09,300,30,228,3
LASIESTA,I_SM_09,300,31,232,1
LASIESTA,I_SM_09,300,32,236,1
LASIESTA,I_SM_09,300,33,238,1
LASIESTA,I_SM_09,300,34,243,1
LASIESTA,I_SM_09,300,35,248,2
LASIESTA,I_SM_09,300,36,251,2
LASIESTA,I_SM_09,300,37,256,1
LASIESTA,I_SM_09,300,38,258,1
LASIESTA,I_SM_09,300,39,260,1
LASIESTA,I_SM_09,300,40,264,1
LASIESTA,I_SM_09,300,41,267,4
LASIESTA,I_SM_09,300,42,272,6
LASIESTA,I_SM_09,300,43,279,10
LASIESTA,I_SM_09,300,44,290,10
LASIESTA,I_SM_10,300,0,2,10
LASIESTA,I_SM_10,300,1,13,19
LASIESTA,I_SM_10,300,2,34,2
LASIESTA,I_SM_10,300,3,40,1
LASIESTA,I_SM_10,300,4,42,2
LASIESTA,I_SM_10,300,5,45,1
LASIESTA,I_SM_10,300,6,47,3
LASIESTA,I_SM_10,300,7,52,3
LASIESTA,I_SM_10,300,8,56,1
LASIESTA,I_SM_10,300,9,59,19
LASIESTA,I_SM_10,300,10,79,10
LASIESTA,I_SM_10,300,11,90,10
LASIESTA,I_SM_10,300,12,101,10
LASIESTA,I_SM_10,300,13,112,3
LASIESTA,I_SM_10,300,14,116,2
LASIESTA,I_SM_10,300,15,121,4
LASIESTA,I_SM_10,300,16,126,2
LASIESTA,I_SM_10,300,17,129,2
LASIESTA,I_SM_10,300,18,133,1
LASIESTA,I_SM_10,300,19,135,1
LASIESTA,I_SM_10,300,20,137,1
LASIESTA,I_SM_10,300,21,142,1
LASIESTA,I_SM_10,300,22,144,2
LASIESTA,I_SM_10,300,23,147,1
LASIESTA,I_SM_10,300,24,151,1
LASIESTA,I_SM_10,300,25,154,5
LASIESTA,I_SM_10,300,26,160,18
LASIESTA,I_SM_10,300,27,179,10
LASIESTA,I_SM_10,300,28,190,10
LASIESTA,I_SM_10,300,29,201,10
LASIESTA,I_SM_10,300,30,212,8
LASIESTA,I_SM_10,300,31,222,1
LASIESTA,I_SM_10,300,32,228,1
LASIESTA,I_SM_10,300,33,230,2
LASIESTA,I_SM_10,300,34,234,1
LASIESTA,I_SM_10,300,35,237,2
LASIESTA,I_SM_10,300,36,241,1
LASIESTA,I_SM_10,300,37,246,1
LASIESTA,I_SM_10,300,38,248,2
LASIESTA,I_SM_10,300,39,251,1
LASIESTA,I_SM_10,300,40,254,1
LASIESTA,I_SM_10,300,41,256,1
LASIESTA,I_SM_10,300,42,258,1
LASIESTA,I_SM_10,300,43,260,1
LASIESTA,I_SM_10,300,44,262,1
LASIESTA,I_SM_10,300,45,264,2
LASIESTA,I_SM_10,300,46,268,2
LASIESTA,I_SM_10,300,47,271,29
LASIESTA,I_SM_11,300,0,1,11
LASIESTA,I_SM_11,300,1,13,10
LASIESTA,I_SM_11,300,2,24,9
LASIESTA,I_SM_11,300,3,40,1
LASIESTA,I_SM_11,300,4,44,3
LASIESTA,I_SM_11,300,5,48,1
LASIESTA,I_SM_11,300,6,50,2
LASIESTA,I_SM_11,300,7,53,2
LASIESTA,I_SM_11,300,8,59,8
LASIESTA,I_SM_11,300,9,68,10
LASIESTA,I_SM_11,300,10,79,10
LASIESTA,I_SM_11,300,11,90,10
LASIESTA,I_SM_11,300,12,101,16
LASIESTA,I_SM_11,300,13,121,2
LASIESTA,I_SM_11,300,14,124,2
LASIESTA,I_SM_11,300,15,127,2
LASIESTA,I_SM_11,300,16,131,1
LASIESTA,I_SM_11,300,17,133,1
LASIESTA,I_SM_11,300,18,139,1
LASIESTA,I_SM_11,300,19,142,1
LASIESTA,I_SM_11,300,20,144,4
LASIESTA,I_SM_11,300,21,157,1
LASIESTA,I_SM_11,300,22,161,6
LASIESTA,I_SM_11,300,23,168,21
LASIESTA,I_SM_11,300,24,190,21
LASIESTA,I_SM_11,300,25,212,8
LASIESTA,I_SM_11,300,26,221,2
LASIESTA,I_SM_11,300,27,224,1
LASIESTA,I_SM_11,300,28,228,1
LASIESTA,I_SM_11,300,29,231,2
LASIESTA,I_SM_11,300,30,240,3
LASIESTA,I_SM_11,300,31,244,1
LASIESTA,I_SM_11,300,32,247,2
LASIESTA,I_SM_11,300,33,254,1
LASIESTA,I_SM_11,300,34,257,1
LASIESTA,I_SM_11,300,35,263,3
LASIESTA,I_SM_11,300,36,268,3
LASIESTA,I_SM_11,300,37,273,16
LASIESTA,I_SM_11,300,38,290,10
LASIESTA,I_SM_12,300,0,2,10
LASIESTA,I_SM_12,300,1,13,10
LASIESTA,I_SM_12,300,2,24,9
LASIESTA,I_SM_12,300,3,34,2
LASIESTA,I_SM_12,300,4,42,6
LASIESTA,I_SM_12,300,5,49,1
LASIESTA,I_SM_12,300,6,51,2
LASIESTA,I_SM_12,300,7,54,1
LASIESTA,I_SM_12,300,8,56,1
LASIESTA,I_SM_12,300,9,58,20
LASIESTA,I_SM_12,300,10,79,32
LASIESTA,I_SM_12,300,11,112,4
LASIESTA,I_SM_12,300,12,117,1
LASIESTA,I_SM_12,300,13,119,1
LASIESTA,I_SM_12,300,14,121,2
LASIESTA,I_SM_12,300,15,125,3
LASIESTA,I_SM_12,300,16,130,1
LASIESTA,I_SM_12,300,17,141,1
LASIESTA,I_SM_12,300,18,143,1
LASIESTA,I_SM_12,300,19,145,1
LASIESTA,I_SM_12,300,20,151,8
LASIESTA,I_SM_12,300,21,162,16
LASIESTA,I_SM_12,300,22,179,10
LASIESTA,I_SM_12,300,23,190,10
LASIESTA,I_SM_12,300,24,201,10
LASIESTA,I_SM_12,300,25,212,8
LASIESTA,I_SM_12,300,26,223,1
LASIESTA,I_SM_12,300,27,228,1
LASIESTA,I_SM_12,300,28,232,1
LASIESTA,I_SM_12,300,29,234,2
LASIESTA,I_SM_12,300,30,237,2
LASIESTA,I_SM_12,300,31,243,1
LASIESTA,I_SM_12,300,32,246,2
LASIESTA,I_SM_12,300,33,249,1
LASIESTA,I_SM_12,300,34,251,1
LASIESTA,I_SM_12,300,35,256,1
LASIESTA,I_SM_12,300,36,258,3
LASIESTA,I_SM_12,300,37,262,1
LASIESTA,I_SM_12,300,38,269,1
LASIESTA,I_SM_12,300,39,273,5
LASIESTA,I_SM_12,300,40,279,10
LASIESTA,I_SM_12,300,41,290,10
LASIESTA,O_CL_01,225,0,0,225
LASIESTA,O_CL_02,425,0,2,10
LASIESTA,O_CL_02,425,1,13,10
LASIESTA,O_CL_02,425,2,24,10
LASIESTA,O_CL_02,425,3,35,10
LASIESTA,O_CL_02,425,4,46,10
LASIESTA,O_CL_02,425,5,57,10
LASIESTA,O_CL_02,425,6,68,10
LASIESTA,O_CL_02,425,7,79,1
LASIESTA,O_CL_02,425,8,82,7
LASIESTA,O_CL_02,425,9,90,10
LASIESTA,O_CL_02,425,10,101,10
LASIESTA,O_CL_02,425,11,113,10
LASIESTA,O_CL_02,425,12,124,10
LASIESTA,O_CL_02,425,13,135,10
LASIESTA,O_CL_02,425,14,146,10
LASIESTA,O_CL_02,425,15,157,10
LASIESTA,O_CL_02,425,16,168,10
LASIESTA,O_CL_02,425,17,179,10
LASIESTA,O_CL_02,425,18,190,10
LASIESTA,O_CL_02,425,19,201,10
LASIESTA,O_CL_02,425,20,212,10
LASIESTA,O_CL_02,425,21,224,10
LASIESTA,O_CL_02,425,22,235,10
LASIESTA,O_CL_02,425,23,246,10
LASIESTA,O_CL_02,425,24,257,10
LASIESTA,O_CL_02,425,25,268,10
LASIESTA,O_CL_02,425,26,279,10
LASIESTA,O_CL_02,425,27,290,10
LASIESTA,O_CL_02,425,28,301,10
LASIESTA,O_CL_02,425,29,312,3
LASIESTA,O_CL_02,425,30,421,4
LASIESTA,O_MC_01,425,0,0,425
LASIESTA,O_MC_02,175,0,0,175
LASIESTA,O_RA_01,1400,0,0,1400
LASIESTA,O_RA_02,375,0,85,4
LASIESTA,O_RA_02,375,1,90,10
LASIESTA,O_RA_02,375,2,101,10
LASIESTA,O_RA_02,375,3,113,10
LASIESTA,O_RA_02,375,4,124,10
LASIESTA,O_RA_02,375,5,135,10
LASIESTA,O_RA_02,375,6,146,10
LASIESTA,O_RA_02,375,7,157,10
LASIESTA,O_RA_02,375,8,168,10
LASIESTA,O_RA_02,375,9,179,10
LASIESTA,O_RA_02,375,10,190,10
LASIESTA,O_RA_02,375,11,201,10
LASIESTA,O_RA_02,375,12,212,10
LASIESTA,O_RA_02,375,13,224,3
LASIESTA,O_SM_01,425,0,1,11
LASIESTA,O_SM_01,425,1,13,10
LASIESTA,O_SM_01,425,2,24,10
LASIESTA,O_SM_01,425,3,35,10
LASIESTA,O_SM_01,425,4,46,10
LASIESTA,O_SM_01,425,5,57,10
LASIESTA,O_SM_01,425,6,68,21
LASIESTA,O_SM_01,425,7,90,10
LASIESTA,O_SM_01,425,8,101,10
LASIESTA,O_SM_01,425,9,113,98
LASIESTA,O_SM_01,425,10,212,10
LASIESTA,O_SM_01,425,11,224,21
LASIESTA,O_SM_01,425,12,246,10
LASIESTA,O_SM_01,425,13,257,10
LASIESTA,O_SM_01,425,14,268,10
LASIESTA,O_SM_01,425,15,279,10
LASIESTA,O_SM_01,425,16,290,10
LASIESTA,O_SM_01,425,17,301,10
LASIESTA,O_SM_01,425,18,312,5
LASIESTA,O_SM_01,425,19,364,1
LASIESTA,O_SM_01,425,20,366,3
LASIESTA,O_SM_01,425,21,374,1
LASIESTA,O_SM_01,425,22,384,2
LASIESTA,O_SM_01,425,23,397,6
LASIESTA,O_SM_01,425,24,404,10
LASIESTA,O_SM_01,425,25,415,10
LASIESTA,O_SM_02,425,0,1,11
LASIESTA,O_SM_02,425,1,13,10
LASIESTA,O_SM_02,425,2,24,10
LASIESTA,O_SM_02,425,3,35,10
LASIESTA,O_SM_02,425,4,46,10
LASIESTA,O_SM_02,425,5,57,10
LASIESTA,O_SM_02,425,6,68,21
LASIESTA,O_SM_02,425,7,90,10
LASIESTA,O_SM_02,425,8,101,10
LASIESTA,O_SM_02,425,9,113,98
LASIESTA,O_SM_02,425,10,212,10
LASIESTA,O_SM_02,425,11,224,21
LASIESTA,O_SM_02,425,12,246,10
LASIESTA,O_SM_02,425,13,257,10
LASIESTA,O_SM_02,425,14,268,10
LASIESTA,O_SM_02,425,15,279,10
LASIESTA,O_SM_02,425,16,290,10
LASIESTA,O_SM_02,425,17,301,10
LASIESTA,O_SM_02,425,18,312,5
LASIESTA,O_SM_02,425,19,364,1
LASIESTA,O_SM_02,425,20,366,3
LASIESTA,O_SM_02,425,21,374,1
LASIESTA,O_SM_02,425,22,384,2
LASIESTA,O_SM_02,425,23,397,6
LASIESTA,O_SM_02,425,24,404,10
LASIESTA,O_SM_02,425,25,415,10
LASIESTA,O_SM_03,425,0,1,11
LASIESTA,O_SM_03,425,1,13,10
LASIESTA,O_SM_03,425,2,24,10
LASIESTA,O_SM_03,425,3,35,10
LASIESTA,O_SM_03,425,4,46,10
LASIESTA,O_SM_03,425,5,57,10
LASIESTA,O_SM_03,425,6,68,21
LASIESTA,O_SM_03,425,7,90,10
LASIESTA,O_SM_03,425,8,101,10
LASIESTA,O_SM_03,425,9,113,98
LASIESTA,O_SM_03,425,10,212,10
LASIESTA,O_SM_03,425,11,224,21
LASIESTA,O_SM_03,425,12,246,10
LASIESTA,O_SM_03,425,13,257,10
LASIESTA,O_SM_03,425,14,268,10
LASIESTA,O_SM_03,425,15,279,10
LASIESTA,O_SM_03,425,16,290,10
LASIESTA,O_SM_03,425,17,301,10
LASIESTA,O_SM_03,425,18,312,5
LASIESTA,O_SM_03,425,19,364,1
LASIESTA,O_SM_03,425,20,366,3
LASIESTA,O_SM_03,425,21,374,1
LASIESTA,O_SM_03,425,22,384,2
LASIESTA,O_SM_03,425,23,397,6
LASIESTA,O_SM_03,425,24,404,10
LASIESTA,O_SM_03,425,25,415,10
LASIESTA,O_SM_04,425,0,13,10
LASIESTA,O_SM_04,425,1,24,10
LASIESTA,O_SM_04,425,2,35,10
LASIESTA,O_SM_04,425,3,46,10
LASIESTA,O_SM_04,425,4,57,10
LASIESTA,O_SM_04,425,5,68,10
LASIESTA,O_SM_04,425,6,79,10
LASIESTA,O_SM_04,425,7,90,10
LASIESTA,O_SM_04,425,8,101,10
LASIESTA,O_SM_04,425,9,113,10
LASIESTA,O_SM_04,425,10,124,10
LASIESTA,O_SM_04,425,11,135,10
LASIESTA,O_SM_04,425,12,146,10
LASIESTA,O_SM_04,425,13,157,10
LASIESTA,O_SM_04,425,14,168,10
LASIESTA,O_SM_04,425,15,179,10
LASIESTA,O_SM_04,425,16,190,10
LASIESTA,O_SM_04,425,17,201,10
LASIESTA,O_SM_04,425,18,212,10
LASIESTA,O_SM_04,425,19,224,10
LASIESTA,O_SM_04,425,20,235,10
LASIESTA,O_SM_04,425,21,246,10
LASIESTA,O_SM_04,425,22,257,10
LASIESTA,O_SM_04,425,23,268,10
LASIESTA,O_SM_04,425,24,279,10
LASIESTA,O_SM_04,425,25,290,10
LASIESTA,O_SM_04,425,26,301,10
LASIESTA,O_SM_04,425,27,312,3
LASIESTA,O_SM_05,425,0,14,9
LASIESTA,O_SM_05,425,1,24,10
LASIESTA,O_SM_05,425,2,35,10
LASIESTA,O_SM_05,425,3,46,10
LASIESTA,O_SM_05,425,4,57,10
LASIESTA,O_SM_05,425,5,68,10
LASIESTA,O_SM_05,425,6,79,10
LASIESTA,O_SM_05,425,7,90,10
LASIESTA,O_SM_05,425,8,101,10
LASIESTA,O_SM_05,425,9,113,10
LASIESTA,O_SM_05,425,10,124,10
LASIESTA,O_SM_05,425,11,135,10
LASIESTA,O_SM_05,425,12,146,10
LASIESTA,O_SM_05,425,13,157,10
LASIESTA,O_SM_05,425,14,168,10
LASIESTA,O_SM_05,425,15,179,10
LASIESTA,O_SM_05,425,16,190,10
LASIESTA,O_SM_05,425,17,201,10
LASIESTA,O_SM_05,425,18,212,10
LASIESTA,O_SM_05,425,19,224,10
LASIESTA,O_SM_05,425,20,235,10
LASIESTA,O_SM_05,425,21,246,10
LASIESTA,O_SM_05,425,22,257,10
LASIESTA,O_SM_05,425,23,268,10
LASIESTA,O_SM_05,425,24,279,10
LASIESTA,O_SM_05,425,25,290,10
LASIESTA,O_SM_05,425,26,301,10
LASIESTA,O_SM_05,425,27,312,4
LASIESTA,O_SM_06,425,0,13,10
LASIESTA,O_SM_06,425,1,24,10
LASIESTA,O_SM_06,425,2,35,10
LASIESTA,O_SM_06,425,3,46,10
LASIESTA,O_SM_06,425,4,57,10
LASIESTA,O_SM_06,425,5,68,10
LASIESTA,O_SM_06,425,6,79,10
LASIESTA,O_SM_06,425,7,90,10
LASIESTA,O_SM_06,425,8,101,10
LASIESTA,O_SM_06,425,9,113,10
LASIESTA,O_SM_06,425,10,124,10
LASIESTA,O_SM_06,425,11,135,10
LASIESTA,O_SM_06,425,12,146,10
LASIESTA,O_SM_06,425,13,157,10
LASIESTA,O_SM_06,425,14,168,10
LASIESTA,O_SM_06,425,15,179,10
LASIESTA,O_SM_06,425,16,190,10
LASIESTA,O_SM_06,425,17,201,10
LASIESTA,O_SM_06,425,18,212,10
LASIESTA,O_SM_06,425,19,224,10
LASIESTA,O_SM_06,425,20,235,10
LASIESTA,O_SM_06,425,21,246,10
LASIESTA,O_SM_06,425,22,257,10
LASIESTA,O_SM_06,425,23,268,10
LASIESTA,O_SM_06,425,24,279,10
LASIESTA,O_SM_06,425,25,290,10
LASIESTA,O_SM_06,425,26,301,10
LASIESTA,O_SM_06,425,27,312,4
LASIESTA,O_SM_07,425,0,14,9
LASIESTA,O_SM_07,425,1,24,10
LASIESTA,O_SM_07,425,2,35,10
LASIESTA,O_SM_07,425,3,46,10
LASIESTA,O_SM_07,425,4,57,10
LASIESTA,O_SM_07,425,5,68,10
LASIESTA,O_SM_07,425,6,79,10
LASIESTA,O_SM_07,425,7,90,10
LASIESTA,O_SM_07,425,8,101,10
LASIESTA,O_SM_07,425,9,113,10
LASIESTA,O_SM_07,425,10,124,10
LASIESTA,O_SM_07,425,11,135,10
LASIESTA,O_SM_07,425,12,146,10
LASIESTA,O_SM_07,425,13,157,10
LASIESTA,O_SM_07,425,14,168,10
LASIESTA,O_SM_07,425,15,179,10
LASIESTA,O_SM_07,425,16,190,10
LASIESTA,O_SM_07,425,17,201,10
LASIESTA,O_SM_07,425,18,212,10
LASIESTA,O_SM_07,425,19,224,10
LASIESTA,O_SM_07,425,20,235,10
LASIESTA,O_SM_07,425,21,246,10
LASIESTA,O_SM_07,425,22,257,10
LASIESTA,O_SM_07,425,23,268,10
LASIESTA,O_SM_07,425,24,279,10
LASIESTA,O_SM_07,425,25,290,2
LASIESTA,O_SM_07,425,26,293,7
LASIESTA,O_SM_07,425,27,301,10
LASIESTA,O_SM_07,425,28,312,2
LASIESTA,O_SM_08,425,0,13,10
LASIESTA,O_SM_08,425,1,24,10
LASIESTA,O_SM_08,425,2,35,10
LASIESTA,O_SM_08,425,3,46,10
LASIESTA,O_SM_08,425,4,57,10
LASIESTA,O_SM_08,425,5,68,10
LASIESTA,O_SM_08,425,6,79,10
LASIESTA,O_SM_08,425,7,90,10
LASIESTA,O_SM_08,425,8,101,10
LASIESTA,O_SM_08,425,9,113,10
LASIESTA,O_SM_08,425,10,124,10
LASIESTA,O_SM_08,425,11,135,10
LASIESTA,O_SM_08,425,12,146,10
LASIESTA,O_SM_08,425,13,157,10
LASIESTA,O_SM_08,425,14,168,10
LASIESTA,O_SM_08,425,15,179,10
LASIESTA,O_SM_08,425,16,190,10
LASIESTA,O_SM_08,425,17,201,10
LASIESTA,O_SM_08,425,18,212,10
LASIESTA,O_SM_08,425,19,224,10
LASIESTA,O_SM_08,425,20,235,10
LASIESTA,O_SM_08,425,21,246,10
LASIESTA,O_SM_08,425,22,257,10
LASIESTA,O_SM_08,425,23,268,10
LASIESTA,O_SM_08,425,24,279,10
LASIESTA,O_SM_08,425,25,290,1
LASIESTA,O_SM_08,425,26,293,7
LASIESTA,O_SM_08,425,27,301,10
LASIESTA,O_SM_08,425,28,312,3
LASIESTA,O_SM_09,425,0,13,10
LASIESTA,O_SM_09,425,1,24,10
LASIESTA,O_SM_09,425,2,35,10
LASIESTA,O_SM_09,425,3,46,10
LASIESTA,O_SM_09,425,4,57,10
LASIESTA,O_SM_09,425,5,68,10
LASIESTA,O_SM_09,425,6,79,10
LASIESTA,O_SM_09,425,7,90,10
LASIESTA,O_SM_09,425,8,101,10
LASIESTA,O_SM_09,425,9,113,10
LASIESTA,O_SM_09,425,10,124,10
LASIESTA,O_SM_09,425,11,135,10
LASIESTA,O_SM_09,425,12,146,10
LASIESTA,O_SM_09,425,13,157,10
LASIESTA,O_SM_09,425,14,168,10
LASIESTA,O_SM_09,425,15,179,10
LASIESTA,O_SM_09,425,16,190,10
LASIESTA,O_SM_09,425,17,201,10
LASIESTA,O_SM_09,425,18,212,10
LASIESTA,O_SM_09,425,19,224,10
LASIESTA,O_SM_09,425,20,235,10
LASIESTA,O_SM_09,425,21,246,10
LASIESTA,O_SM_09,425,22,257,10
LASIESTA,O_SM_09,425,23,268,10
LASIESTA,O_SM_09,425,24,279,10
LASIESTA,O_SM_09,425,25,290,2
LASIESTA,O_SM_09,425,26,293,7
LASIESTA,O_SM_09,425,27,301,10
LASIESTA,O_SM_09,425,28,312,3
LASIESTA,O_SM_10,425,0,13,10
LASIESTA,O_SM_10,425,1,24,10
LASIESTA,O_SM_10,425,2,35,10
LASIESTA,O_SM_10,425,3,46,10
LASIESTA,O_SM_10,425,4,57,10
LASIESTA,O_SM_10,425,5,68,10
LASIESTA,O_SM_10,425,6,79,10
LASIESTA,O_SM_10,425,7,90,10
LASIESTA,O_SM_10,425,8,101,10
LASIESTA,O_SM_10,425,9,113,10
LASIESTA,O_SM_10,425,10,124,10
LASIESTA,O_SM_10,425,11,135,10
LASIESTA,O_SM_10,425,12,146,10
LASIESTA,O_SM_10,425,13,157,10
LASIESTA,O_SM_10,425,14,168,10
LASIESTA,O_SM_10,425,15,179,10
LASIESTA,O_SM_10,425,16,190,10
LASIESTA,O_SM_10,425,17,201,10
LASIESTA,O_SM_10,425,18,212,10
LASIESTA,O_SM_10,425,19,224,10
LASIESTA,O_SM_10,425,20,235,10
LASIESTA,O_SM_10,425,21,246,10
LASIESTA,O_SM_10,425,22,257,10
LASIESTA,O_SM_10,425,23,268,10
LASIESTA,O_SM_10,425,24,279,10
LASIESTA,O_SM_10,425,25,290,10
LASIESTA,O_SM_10,425,26,301,10
LASIESTA,O_SM_10,425,27,312,4
LASIESTA,O_SM_11,425,0,11,1
LASIESTA,O_SM_11,425,1,14,9
LASIESTA,O_SM_11,425,2,24,10
LASIESTA,O_SM_11,425,3,35,10
LASIESTA,O_SM_11,425,4,46,10
LASIESTA,O_SM_11,425,5,57,10
LASIESTA,O_SM_11,425,6,68,10
LASIESTA,O_SM_11,425,7,79,10
LASIESTA,O_SM_11,425,8,90,10
LASIESTA,O_SM_11,425,9,101,10
LASIESTA,O_SM_11,425,10,113,10
LASIESTA,O_SM_11,425,11,124,10
LASIESTA,O_SM_11,425,12,135,10
LASIESTA,O_SM_11,425,13,146,10
LASIESTA,O_SM_11,425,14,157,10
LASIESTA,O_SM_11,425,15,168,10
LASIESTA,O_SM_11,425,16,179,10
LASIESTA,O_SM_11,425,17,190,10
LASIESTA,O_SM_11,425,18,201,10
LASIESTA,O_SM_11,425,19,212,10
LASIESTA,O_SM_11,425,20,224,10
LASIESTA,O_SM_11,425,21,235,10
LASIESTA,O_SM_11,425,22,246,10
LASIESTA,O_SM_11,425,23,257,10
LASIESTA,O_SM_11,425,24,268,10
LASIESTA,O_SM_11,425,25,279,10
LASIESTA,O_SM_11,425,26,290,1
LASIESTA,O_SM_11,425,27,292,8
LASIESTA,O_SM_11,425,28,301,10
LASIESTA,O_SM_11,425,29,312,4
LASIESTA,O_SM_12,425,0,11,1
LASIESTA,O_SM_12,425,1,13,10
LASIESTA,O_SM_12,425,2,24,10
LASIESTA,O_SM_12,425,3,35,10
LASIESTA,O_SM_12,425,4,46,10
LASIESTA,O_SM_12,425,5,57,10
LASIESTA,O_SM_12,425,6,68,10
LASIESTA,O_SM_12,425,7,79,10
LASIESTA,O_SM_12,425,8,90,10
LASIESTA,O_SM_12,425,9,101,10
LASIESTA,O_SM_12,425,10,113,10
LASIESTA,O_SM_12,425,11,124,10
LASIESTA,O_SM_12,425,12,135,10
LASIESTA,O_SM_12,425,13,146,10
LASIESTA,O_SM_12,425,14,157,10
LASIESTA,O_SM_12,425,15,168,10
LASIESTA,O_SM_12,425,16,179,10
LASIESTA,O_SM_12,425,17,190,10
LASIESTA,O_SM_12,425,18,201,10
LASIESTA,O_SM_12,425,19,212,10
LASIESTA,O_SM_12,425,20,224,10
LASIESTA,O_SM_12,425,21,235,10
LASIESTA,O_SM_12,425,22,246,10
LASIESTA,O_SM_12,425,23,257,10
LASIESTA,O_SM_12,425,24,268,10
LASIESTA,O_SM_12,425,25,279,10
LASIESTA,O_SM_12,425,26,290,10
LASIESTA,O_SM_12,425,27,301,10
LASIESTA,O_SM_12,425,28,312,2
LASIESTA,O_SM_12,425,29,315,1
LASIESTA,O_SN_01,500,0,0,500
LASIESTA,O_SN_02,850,0,0,850
LASIESTA,O_SU_01,250,0,0,250
LASIESTA,O_SU_02,400,0,0,400
BMC,111,1499,0,0,1499
BMC,112,1502,0,0,1502
BMC,121,1499,0,0,1499
BMC,122,1503,0,0,1503
BMC,211,1499,0,0,1499
BMC,212,1499,0,0,1499
BMC,221,1499,0,0,1499
BMC,222,1499,0,0,1499
BMC,311,1499,0,0,180
BMC,311,1499,1,181,1318
BMC,312,1499,0,0,603
BMC,312,1499,1,604,895
BMC,321,1499,0,0,40
BMC,321,1499,1,41,1458
BMC,322,1501,0,4,1
BMC,322,1501,1,6,5
BMC,322,1501,2,13,1
BMC,322,1501,3,17,3
BMC,322,1501,4,23,19
BMC,322,1501,5,44,6
BMC,322,1501,6,51,2
BMC,322,1501,7,54,4
BMC,322,1501,8,59,2
BMC,322,1501,9,63,2
BMC,322,1501,10,73,2
BMC,322,1501,11,77,21
BMC,322,1501,12,99,2
BMC,322,1501,13,102,1
BMC,322,1501,14,105,20
BMC,322,1501,15,126,1
BMC,322,1501,16,128,2
BMC,322,1501,17,131,1
BMC,322,1501,18,134,1
BMC,322,1501,19,136,3
BMC,322,1501,20,141,2
BMC,322,1501,21,147,3
BMC,322,1501,22,151,1
BMC,322,1501,23,154,2
BMC,322,1501,24,157,94
BMC,322,1501,25,252,12
BMC,322,1501,26,267,7
BMC,322,1501,27,275,3
BMC,322,1501,28,279,39
BMC,322,1501,29,319,1
BMC,322,1501,30,321,1
BMC,322,1501,31,323,29
BMC,322,1501,32,355,23
BMC,322,1501,33,379,2
BMC,322,1501,34,383,9
BMC,322,1501,35,397,836
BMC,322,1501,36,1234,59
BMC,322,1501,37,1294,31
BMC,322,1501,38,1326,3
BMC,322,1501,39,1330,23
BMC,322,1501,40,1354,17
BMC,322,1501,41,1372,12
BMC,322,1501,42,1385,15
BMC,322,1501,43,1401,2
BMC,322,1501,44,1404,13
BMC,322,1501,45,1418,83
BMC,411,1499,0,0,5
BMC,411,1499,1,6,2
BMC,411,1499,2,9,4
BMC,411,1499,3,15,1
BMC,411,1499,4,19,1
BMC,411,1499,5,21,32
BMC,411,1499,6,54,42
BMC,411,1499,7,99,1
BMC,411,1499,8,101,1
BMC,411,1499,9,103,2
BMC,411,1499,10,107,6
BMC,411,1499,11,114,64
BMC,411,1499,12,182,8
BMC,411,1499,13,191,2
BMC,411,1499,14,200,2
BMC,411,1499,15,205,2
BMC,411,1499,16,210,1
BMC,411,1499,17,216,1
BMC,411,1499,18,219,2
BMC,411,1499,19,223,13
BMC,411,1499,20,237,19
BMC,411,1499,21,257,6
BMC,411,1499,22,264,1
BMC,411,1499,23,266,7
BMC,411,1499,24,274,3
BMC,411,1499,25,279,46
BMC,411,1499,26,326,1
BMC,411,1499,27,329,1
BMC,411,1499,28,331,4
BMC,411,1499,29,337,5
BMC,411,1499,30,343,15
BMC,411,1499,31,359,125
BMC,411,1499,32,485,243
BMC,411,1499,33,729,29
BMC,411,1499,34,760,6
BMC,411,1499,35,768,18
BMC,411,1499,36,787,15
BMC,411,1499,37,807,11
BMC,411,1499,38,819,1
BMC,411,1499,39,821,6
BMC,411,1499,40,828,17
BMC,411,1499,41,846,52
BMC,411,1499,42,899,110
BMC,411,1499,43,1010,10
BMC,411,1499,44,1024,5
BMC,411,1499,45,1030,1
BMC,411,1499,46,1033,18
BMC,411,1499,47,1052,4
BMC,411,1499,48,1057,16
BMC,411,1499,49,1074,20
BMC,411,1499,50,1095,1
BMC,411,1499,51,1097,11
BMC,411,1499,52,1109,4
BMC,411,1499,53,1114,1
BMC,411,1499,54,1116,2
BMC,411,1499,55,1119,7
BMC,411,1499,56,1128,12
BMC,411,1499,57,1142,10
BMC,411,1499,58,1153,4
BMC,411,1499,59,1158,2
BMC,411,1499,60,1162,3
BMC,411,1499,61,1169,72
BMC,411,1499,62,1242,20
BMC,411,1499,63,1265,234
BMC,412,1499,0,0,589
BMC,412,1499,1,590,16
BMC,412,1499,2,607,1
BMC,412,1499,3,609,2
BMC,412,1499,4,612,4
BMC,412,1499,5,617,4
BMC,412,1499,6,622,2
BMC,412,1499,7,627,4
BMC,412,1499,8,632,2
BMC,412,1499,9,635,8
BMC,412,1499,10,645,7
BMC,412,1499,11,653,3
BMC,412,1499,12,657,3
BMC,412,1499,13,661,2
BMC,412,1499,14,664,86
BMC,412,1499,15,751,1
BMC,412,1499,16,753,11
BMC,412,1499,17,765,4
BMC,412,1499,18,770,2
BMC,412,1499,19,776,30
BMC,412,1499,20,808,6
BMC,412,1499,21,817,2
BMC,412,1499,22,820,5
BMC,412,1499,23,826,2
BMC,412,1499,24,829,16
BMC,412,1499,25,846,1
BMC,412,1499,26,848,2
BMC,412,1499,27,853,2
BMC,412,1499,28,856,14
BMC,412,1499,29,871,4
BMC,412,1499,30,876,1
BMC,412,1499,31,878,1
BMC,412,1499,32,880,3
BMC,412,1499,33,884,1
BMC,412,1499,34,889,1
BMC,412,1499,35,891,1
BMC,412,1499,36,894,3
BMC,412,1499,37,898,1
BMC,412,1499,38,901,2
BMC,412,1499,39,904,3
BMC,412,1499,40,908,104
BMC,412,1499,41,1013,486
BMC,421,1499,0,0,2
BMC,421,1499,1,17,1
BMC,421,1499,2,47,1
BMC,421,1499,3,123,2
BMC,421,1499,4,138,2
BMC,421,1499,5,160,1
BMC,421,1499,6,180,3
BMC,421,1499,7,228,1
BMC,421,1499,8,233,1
BMC,421,1499,9,238,1
BMC,421,1499,10,260,1
BMC,421,1499,11,310,1
BMC,421,1499,12,320,1
BMC,421,1499,13,325,1
BMC,421,1499,14,344,4
BMC,421,1499,15,385,1
BMC,421,1499,16,393,3
BMC,421,1499,17,403,1
BMC,421,1499,18,420,1
BMC,421,1499,19,422,9
BMC,421,1499,20,436,1
BMC,421,1499,21,448,2
BMC,421,1499,22,451,5
BMC,421,1499,23,466,1
BMC,421,1499,24,468,2
BMC,421,1499,25,471,1
BMC,421,1499,26,480,1
BMC,421,1499,27,482,1
BMC,421,1499,28,484,1
BMC,421,1499,29,486,3
BMC,421,1499,30,490,2
BMC,421,1499,31,493,160
BMC,421,1499,32,654,1
BMC,421,1499,33,656,1
BMC,421,1499,34,658,2
BMC,421,1499,35,666,11
BMC,421,1499,36,678,6
BMC,421,1499,37,685,6
BMC,421,1499,38,692,32
BMC,421,1499,39,725,96
BMC,421,1499,40,822,5
BMC,421,1499,41,828,2
BMC,421,1499,42,831,8
BMC,421,1499,43,840,56
BMC,421,1499,44,897,2
BMC,421,1499,45,902,1
BMC,421,1499,46,921,7
BMC,421,1499,47,932,4
BMC,421,1499,48,950,1
BMC,421,1499,49,953,1
BMC,421,1499,50,959,1
BMC,421,1499,51,973,2
BMC,421,1499,52,980,3
BMC,421,1499,53,992,466
BMC,421,1499,54,1459,40
BMC,422,1499,0,0,11
BMC,422,1499,1,12,668
BMC,422,1499,2,681,6
BMC,422,1499,3,693,7
BMC,422,1499,4,701,6
BMC,422,1499,5,708,2
BMC,422,1499,6,712,1
BMC,422,1499,7,714,1
BMC,422,1499,8,716,1
BMC,422,1499,9,718,1
BMC,422,1499,10,720,1
BMC,422,1499,11,723,11
BMC,422,1499,12,736,3
BMC,422,1499,13,740,2
BMC,422,1499,14,743,2
BMC,422,1499,15,747,1
BMC,422,1499,16,749,1
BMC,422,1499,17,752,2
BMC,422,1499,18,755,1
BMC,422,1499,19,759,10
BMC,422,1499,20,770,64
BMC,422,1499,21,835,51
BMC,422,1499,22,887,5
BMC,422,1499,23,893,3
BMC,422,1499,24,897,5
BMC,422,1499,25,903,2
BMC,422,1499,26,906,12
BMC,422,1499,27,919,4
BMC,422,1499,28,924,1
BMC,422,1499,29,926,1
BMC,422,1499,30,929,1
BMC,422,1499,31,931,1
BMC,422,1499,32,936,563
BMC,511,1499,0,0,1499
BMC,512,1499,0,0,1499
BMC,521,1501,0,0,269
BMC,521,1501,1,270,47
BMC,521,1501,2,318,10
BMC,521,1501,3,329,1172
BMC,522,1499,0,0,1499
